Row,r all freqs pre/post linenoise reduction,r 50 hz pre/post linenoise reduction,r 55 hz pre/post linenoise reduction,r 58 hz pre/post linenoise reduction,r 59 hz pre/post linenoise reduction,r 60 hz pre/post linenoise reduction,r 61 hz pre/post linenoise reduction,r 62 hz pre/post linenoise reduction,r 65 hz pre/post linenoise reduction,r 70 hz pre/post linenoise reduction,RMSE post/pre waveleting,MAE post/pre waveleting,SNR post/pre waveleting,PeakSNR post/pre waveleting,r alldata post/pre waveleting,r 2 hz post/pre waveleting,r 5 hz post/pre waveleting,r 8 hz post/pre waveleting,r 12 hz post/pre waveleting,r 20 hz post/pre waveleting,r 30 hz post/pre waveleting,r 45 hz post/pre waveleting,r 70 hz post/pre waveleting
"MOD1022_Y1_a.BDF_czRef_child.set",0.999999997933009,0.999997640827046,0.999989821294888,0.999891975957004,0.994788385949237,0.973193960043196,0.989368739083783,0.999698779634552,0.999949294718331,0.999994212147675,139.436912125665,68.6139498061349,-10.2040004729719,2.81736732490205,0.144213056733073,0.814343195923504,0.808325452054625,0.897543295522404,0.770839591704178,0.798501563217707,0.82096295032046,0.0832532904487647,0.111309871929821
"MOD1025_Y1_a.BDF_czRef_child.set",0.999999991046974,0.99999506076989,0.999977544763996,0.999750907419164,0.987382868205531,0.968593155577312,0.982826929645787,0.999576344630668,0.999948108407229,0.999989922252978,50.0779201736884,37.5351747110932,-3.9184035316193,8.97586127641753,0.552582662949495,0.798321601696062,0.878424441148167,0.91479933479022,0.87278587722705,0.934517706148472,0.936472820345261,0.151329887300088,0.172564628349272
"MOD1051_Y1_a.BDF_czRef_child.set",0.999999941370645,0.999992320884451,0.999963393254195,0.999604509720933,0.978068761402959,0.9571394706656,0.983124611209668,0.999454489585527,0.999920614795098,0.999983510947648,50.5897866251326,31.7054171049785,-4.72545634703908,8.07697699475965,0.504971981961982,0.912623375337287,0.94109357222142,0.961387869955303,0.942473701860283,0.90647640358978,0.905260779683239,0.185725935287335,0.182018732678354
"MOD1054_Y1_a.BDF_czRef_child.set",0.999999994439864,0.999998197344925,0.999992081559811,0.999903787026339,0.995616359694957,0.989043840960667,0.994642805394654,0.999820891497907,0.999972127771403,0.999996134600658,43.6226721803014,26.4690009049084,-3.32332442963234,9.90681247122941,0.428278104275717,0.945639730604187,0.962454417314678,0.979023278060554,0.945983520315456,0.915388011372149,0.888983949438156,0.239375470833474,0.264229953480222
"MOD1058_Y1_a.BDF_czRef_child.set",0.999999991628739,0.999996632102944,0.999985409704483,0.999846055940736,0.991005348350796,0.970083515444381,0.985578856779504,0.999700040630872,0.999959520149838,0.999992860486479,245.66285212067,72.5658156349614,-17.6771446100637,-5.06971325348755,0.130774651269021,0.564615050198362,0.863102095234019,0.818441266215463,0.771537973562728,0.8488207435219,0.878608828919666,0.02621920241833,0.0176089476006088
"MOD1085_Y1_a.BDF_czRef_child.set",0.999996492183993,0.999982586642469,0.999925807042348,0.999435209060914,0.9847144404997,0.938847476938895,0.985952225258546,0.999319414995897,0.999867205517468,0.999967602456944,45.3881274595908,32.9116768664481,-3.51596702113624,9.6966994252925,0.52571625188898,0.955892220616506,0.958938221671883,0.982889643747802,0.960225064535346,0.955271339699284,0.949998104404824,0.185753139101248,0.219338798222537
"MOD1118_Y1_a.BDF_czRef_child.set",0.999999967489219,0.999995636718034,0.999980967899387,0.999790730535232,0.986699052226238,0.964112863155161,0.983546656724523,0.999648628177771,0.999952230049452,0.999991073411487,343.000822447229,62.6959178264202,-23.319002255078,-10.8242874743481,0.0746587172349519,0.628432790469819,0.559543389751587,0.828002161881235,0.532327704518503,0.724998706193742,0.817999472951318,0.0888577534120824,0.061226798028207
"MOD1126_Y1_a.BDF_czRef_child.set",0.999983508652983,0.999985437829001,0.999941719017616,0.999360527946905,0.977643176283537,0.917746984757471,0.980134819906676,0.999302770344771,0.999872819630861,0.999961461061088,94.6605055599704,57.5861325801511,-9.02211434828587,3.48393293277525,0.277666007675204,0.897080891964528,0.923488436007594,0.950886872422427,0.91748272385494,0.922624912714388,0.933146210454468,0.0982716959598951,0.112015166034345
"MOD1131_Y1_a.BDF_czRef_child.set",0.99999999344747,0.999995918576196,0.999981381767795,0.99981527941832,0.993682401090757,0.978711239699163,0.983692910126017,0.999562178646406,0.999952195601777,0.99999199667042,82.4651189471074,59.42052940775,-6.11208706795626,6.42167424990306,0.393854394605016,0.842921449165934,0.915956275146548,0.970669566502262,0.939591667222809,0.939024745460709,0.943608998387459,0.0993126850545809,0.136508569306079
"MOD1135_Y1_a.BDF_czRef_child.set",0.999999658747767,0.999984159677772,0.999950080508377,0.999624743290888,0.988894263632395,0.92933816392656,0.983492335122026,0.999192732870105,0.999829806481531,0.999970272986655,54.6667396906125,30.2059452334847,-5.40385134731981,7.8361331717284,0.425260655988664,0.823320068142172,0.928533782839962,0.907722159851566,0.868536918866135,0.934265922219786,0.925681225974342,0.158926366721131,0.195535720611992
"MOD1136_Y1_a.BDF_czRef_child.set",0.999999973657912,0.999996279737658,0.999984581689257,0.999837074117773,0.994430300225577,0.964429253553296,0.98457498228496,0.999595158193373,0.999929094484553,0.999992217549654,52.7937832398729,37.2833518655494,-6.42472507797172,6.56299397743614,0.442997737386538,0.730440310659892,0.874865017323446,0.943586285654401,0.904915820718181,0.872851752742935,0.848532133520887,0.0897092519637065,0.101477432142962
"MOD1146_Y1_a.BDF_czRef_child.set",0.999999986634414,0.999996914055235,0.999985792322079,0.999843288162711,0.995056122304583,0.922776081038168,0.991590155518104,0.99955001081094,0.999905151930094,0.999990893252313,104.605812292305,52.2702498664843,-8.8422452273802,4.08680090086103,0.24138857592387,0.856160750533407,0.876127263321718,0.809911061682809,0.905149256249873,0.913780205312671,0.900754251438824,0.0374511011593875,0.0925643203940704
"MOD1147_Y1_a.BDF_czRef_child.set",0.999999997871771,0.999998872250419,0.999994510930532,0.999925790441966,0.996367915174102,0.990744558156155,0.993859145639978,0.999875459803632,0.999979999118399,0.999997409433411,68.0067507290288,36.1298916533091,-5.13057780412311,7.67808148415292,0.338522415429146,0.885755314801022,0.877559713815226,0.932150052698237,0.85305730494023,0.883168414500758,0.930263000567027,0.148914063064509,0.185783322458602
"MOD1164_Y1_a.BDF_czRef_child.set",0.999999797375275,0.999899567948771,0.999595653127504,0.997296032211947,0.98739826606767,0.509316696437702,0.990739805502103,0.999372214545113,0.998600794953962,0.999674819601943,578.651667539614,369.231619549019,-20.4153859331613,-7.49089056000721,0.0671983540860001,0.288825548403034,0.305322024764589,0.32611275396572,0.2236422020691,0.277412337948364,0.170545033057621,0.00512959490767865,0.00827822794179781
"MOD1168_Y1_a.BDF_czRef_child.set",0.999928032601458,0.999700015580204,0.999106185358356,0.997561789092786,0.988220137304927,0.954851622436835,0.98688632725856,0.996289318350697,0.998401237323701,0.999209349184786,47.3218586246519,32.567236336063,-2.94849323018749,10.19080215248,0.484970858193434,0.818934653969398,0.904602217783837,0.902937052192086,0.916331011667036,0.894704616091885,0.902305451820546,0.186217543433066,0.237674513130002
"MOD1184_Y1_a.BDF_czRef_child.set",0.999961008290339,0.999741224887587,0.999866414221212,0.999376470792352,0.99436247678207,0.920363041028149,0.994259045951762,0.99689067990134,0.996907223532073,0.998946687557386,3480.11309822997,214.195863388904,-37.7602546696631,-24.8413628144189,0.00526722071296949,0.023906924200904,0.0230573433012189,0.0589318078949681,0.00421983787805563,0.00212481841389928,0.018798814062052,0.00324438109031992,0.00718195276391267
"MOD1188_Y1_a.BDF_czRef_child.set",0.999404582056412,0.999994490901615,0.999975183458235,0.999376729130637,0.935233483758758,0.912569734847285,0.994832306957271,0.99870814100403,0.999938056214913,0.999962128549435,2357.11052045417,297.629805884699,-32.1905966031451,-19.7040634110128,0.00525245361437381,0.00884363222760526,0.0194099160212766,0.0237292329838082,0.030482677838422,0.015407960342948,0.0537828185847121,0.0341457070999337,0.0419053695069528
"MOD1192_Y1_a.BDF_czRef_child.set",0.999999868077011,0.99998462454482,0.99992354337493,0.999270451692346,0.98497718980022,0.773154740821853,0.985012899839954,0.998780493567797,0.999752800448974,0.999958989485566,47.9756265389642,31.7125299926987,-2.99335512699006,9.64027886736926,0.564428316175073,0.890469440337274,0.96994951957501,0.939832569713982,0.907749916358484,0.876621439160909,0.913340544821452,0.133531380520605,0.197288623418678
"MOD1195_Y1_a.BDF_czRef_child.set",0.999999994196857,0.99999800801608,0.999990529441102,0.999896348704569,0.994582345631277,0.977494469461386,0.994336257304008,0.999806673556926,0.999963477019511,0.999995382702109,184.567842955115,117.007904340593,-14.8698960246178,-1.78852819671996,0.189802061690905,0.778517864936494,0.869826526241898,0.858995941913238,0.82813170551146,0.846732676612806,0.783131513941882,0.0110821885940466,0.0193553876457676
"MOD1209_Y1_a.BDF_czRef_child.set",0.999995285994549,0.999908359883791,0.999745310088282,0.995572549358682,0.965682576343174,0.312303516619192,0.956206673005532,0.991956383934342,0.995831928837313,0.998674672602142,75.0491335731631,53.4489245397164,-6.26886259483337,6.30596678898418,0.398991078463202,0.750660118745598,0.866543567215708,0.959137869075202,0.921730912103376,0.898589169158854,0.92279881919656,0.0839171583434073,0.125289783405817
"MOD1220_Y1_a.BDF_czRef_child.set",0.999400971815437,0.993510690786086,0.990402217659873,0.997595047387226,0.845742817737145,0.0222906978464374,0.933701591672995,0.926627063067334,0.965428937359028,0.983441488047741,124.398104959242,56.2616108261794,-10.8710944820167,2.47523570521415,0.213815918401635,0.112957282581928,0.0776744002239526,0.0630943984582206,0.0164736545310814,0.0872127377300921,0.280503198315834,0.00834109919843543,0.00985168522985109
"MOD1239_Y1_a.BDF_czRef_child.set",0.999999535387121,0.999991086862613,0.999958706838519,0.99949497593015,0.975732116772995,0.945052921402635,0.983816541083844,0.99947869696754,0.999925084793915,0.999982720431912,42.4393335712865,28.5460068712747,-3.73790495299688,9.2531466471099,0.55253434293712,0.885617911023501,0.882545365983655,0.92104967537606,0.928350330686699,0.953634802128682,0.94979893756692,0.0703604147009348,0.103152090412413
"MOD1252_Y1_a.BDF_czRef_child.set",0.999999424838083,0.999935107724562,0.999809208182396,0.998458210271649,0.978656871000088,0.430592744739253,0.971621417044325,0.996764690799427,0.999119772961076,0.999857680540988,133.79933638607,84.3923724196292,-9.38474629054567,3.35730608009366,0.245578435674059,0.869983280181954,0.953479435268097,0.979322606425026,0.90752237380895,0.858268338871175,0.801311456274116,0.0603962735667964,0.0843581829831271
"MOD1256_Y1_a.BDF_czRef_child.set",0.999999983128039,0.99999515444815,0.999979275539045,0.999766683263996,0.993863426424126,0.976137295183876,0.993575632491488,0.999667970829787,0.999945537123597,0.999991922455207,57.7396720880437,34.3945629202749,-6.79341570009128,6.26795952064006,0.376718209721169,0.843201207312919,0.936180362943329,0.902665292100717,0.898593115535981,0.832561393576013,0.783198734345366,0.0771509091452831,0.121648930886328
"MOD1262_Y1_a.BDF_czRef_child.set",0.999999844188689,0.99996762631102,0.999875975472503,0.998824625273909,0.989537885500547,0.579213492058505,0.978684620737825,0.995522912724256,0.998518175867889,0.99991154318588,71.8646959067938,45.8006168299827,-6.59903767704899,6.59994325136396,0.331838521506129,0.855897777605392,0.861893734596491,0.857717255177211,0.848411783336011,0.854568743948497,0.868297778644759,0.111601811860189,0.137218895585681
"MOD1266_Y1_a.BDF_czRef_child.set",0.99999998964028,0.999987249733259,0.999947182524914,0.99955675237416,0.990315743424919,0.849055679334486,0.984839441290688,0.999180396675186,0.999745547182414,0.999972036628388,59.0773124221807,40.7635771866217,-6.15073141517261,6.64341599087907,0.398581949118593,0.775950265815864,0.853115781790359,0.81685544817198,0.71538046399259,0.717599483064814,0.715049469023768,0.0467459891069196,0.0977552576981744
"MOD1277_Y1_a.BDF_czRef_child.set",0.999999996240571,0.999997494753539,0.999989252549671,0.999895843262269,0.993175232123688,0.986344697853201,0.996736142117019,0.99987070526127,0.99998023860425,0.999996718674037,56.3851825842788,36.2392069181279,-5.61007540750446,7.08388276301411,0.37099786500821,0.907772688811442,0.925721614531065,0.9346965898942,0.894159613733067,0.903129602382701,0.914252964971356,0.117494328678768,0.148862965417932
"MOD1293_Y1_a.BDF_czRef_child.set",0.999999756191827,0.999924998441022,0.999717347080812,0.997520200644578,0.9761936903243,0.511323581707089,0.977210792749098,0.993839627045068,0.998045980111208,0.999823895394893,80.6781704347664,54.8540820802554,-6.67853427476978,6.66660263962432,0.407396350877457,0.648925838198635,0.77397225477262,0.767534925677041,0.684465122348972,0.79083302114972,0.800784562501837,0.0306458128245642,0.0627697910394622
"MOD1302_Y1_a.BDF_czRef_child.set",0.999778078190947,0.999812154051237,0.99932466899165,0.996090680365908,0.965072144053182,0.212343205210593,0.959471942485698,0.993574326985969,0.997022387403613,0.999501374021843,95.9945714983869,42.21747661923,-9.61671575812056,3.39542822634734,0.252111742961077,0.581288882847621,0.707565449732627,0.839825420633567,0.755222483470213,0.791617100639699,0.788918043420138,0.034382241968928,0.0299974252397357
"MOD1310_Y1_a.BDF_czRef_child.set",0.999997811133047,0.989057892189981,0.969354979986964,0.881105946024265,0.664541549668338,0.0593161790102754,0.586468028635579,0.734593962249527,0.853311082652527,0.974934981557509,83.274726499518,35.5739120866645,-7.29310071014534,5.66186546655489,0.266236731371803,0.55550993781267,0.852551791947792,0.749800960830386,0.575768289093088,0.547924423649871,0.462620484429687,0.0300665303929189,0.0614142312606402
"MOD1312_Y1_a.BDF_czRef_child.set",0.999964034142545,0.999980504772514,0.999918792830216,0.999272042036441,0.978126060371216,0.883086368281532,0.976316493657514,0.998907443055582,0.999807387163617,0.999961643261973,64.5513844122489,43.6307055886007,-2.76174574447166,10.360691639267,0.552408588373752,0.718000142620644,0.882943167551767,0.704214053390807,0.795292411239706,0.779817844186626,0.747164765460842,0.0831866556075029,0.164880940320593
"MOD1315_Y1_a.BDF_czRef_child.set",0.999729988428536,0.999969718122083,0.999720828965479,0.99594883480257,0.987983169417974,0.191323066159481,0.995678194121985,0.999233957337504,0.999844620640051,0.999687534110239,820.016812800464,174.55717794843,-22.7584781688417,-10.3254697455889,0.0797475867794533,0.00140763439076214,0.00233150895223217,0.00194613770003449,0.00350468919562226,0.00111559925156358,0.003269873314659,0.0150842715038352,0.0107737170957578
"MOD1319_Y1_a.BDF_czRef_child.set",0.999998942476446,0.999366529832071,0.992660400573704,0.958547801138752,0.833855031537622,0.0574594483692983,0.81769014766453,0.935379212474929,0.973850232874495,0.994058800636705,138.843917749872,56.3256648554465,-14.8585895932251,-1.87589443284973,0.167936282038722,0.403751853550932,0.633396009599101,0.716793630151119,0.568657197428132,0.715060109178406,0.793242617686281,0.0413393854568334,0.0563214674301087
"MOD1325_Y1_a.BDF_czRef_child.set",0.999902896655966,0.998105843125547,0.99315272939129,0.964926293085091,0.823215431310579,0.0260438195388224,0.844939279294066,0.957220670403987,0.987627931435459,0.995474090793289,52.3225153045797,28.7890852316095,-6.34823231772101,6.84049198773619,0.450456063239342,0.173679080355879,0.227243718765154,0.292599114831343,0.0880353827341668,0.0826659212363481,0.0952957206140158,0.01817099317297,0.019247528796285
"MOD1337_Y1_a.BDF_czRef_child.set",0.997502160098895,0.939659528921393,0.929366071758845,0.973651029812809,0.905155400536843,0.0235012286034324,0.760578410607325,0.879579048532456,0.8618935561918,0.877405110038914,83.5361463848432,50.7153638603697,-6.35687013131973,7.17013230277967,0.365373064674027,0.55166665155532,0.42002585707497,0.188188656501336,0.0931094944920025,0.12157683510212,0.107718114204694,0.0111729552424857,0.0160760636448667
"MOD1347_Y1_a.BDF_czRef_child.set",0.999561197699345,0.99995844661892,0.991524119520546,0.917025798853681,0.741385148368947,0.00341027655962008,0.727015542641777,0.874145452668306,0.902727319411026,0.959963365128632,89.7905420183992,45.1657058727664,-10.0513032683468,3.08514694655145,0.255366530804915,0.538115078819909,0.545783629229529,0.312144517684715,0.28618259693425,0.159594031926305,0.192601976111092,0.0118737677322025,0.0103649438879937
"MOD1357_Y1_a.BDF_czRef_child.set",0.99818662275396,0.995787862896519,0.992554162961807,0.989540253132898,0.938843960315799,0.455106018484109,0.939412360531534,0.986272473620557,0.98731640438233,0.99400589087818,34.3840642598557,19.894827584626,-1.11411766665035,11.5285442251868,0.597977517481682,0.824494198297464,0.894177552347047,0.921104996086737,0.85903895958205,0.855683197164945,0.843469172372565,0.201376972649256,0.295971970513767
"MOD1384_Y1_a.BDF_czRef_child.set",0.999985508821172,0.999186526418755,0.997692817904226,0.98838750792286,0.929258088398101,0.0193379876441155,0.903009584301,0.974496938937542,0.990081462404548,0.998258078650588,33.5185500999587,20.2396458853397,-0.55925632046996,12.5055376554548,0.663762192280775,0.653452506486564,0.962495015198896,0.907072572668182,0.865189516350377,0.946537727580906,0.973185571802693,0.145986622165689,0.306331975362905
"MOD1388_Y1_a.BDF_czRef_child.set",0.999992458505485,0.99909339328532,0.997584829341168,0.981794112339823,0.893545921211312,0.060973775422839,0.840041456234073,0.946924360475121,0.979549281404874,0.998266403068249,71.7197884079035,46.1820155761384,-7.53746548855617,5.4867882387588,0.287809349297838,0.737922270502574,0.813169389426221,0.870071507703376,0.862962733733418,0.91088646996719,0.918560274052663,0.0872778818629908,0.109429467256213
"MOD1390_Y1_a.BDF_czRef_child.set",0.999999993343095,0.999999009086346,0.999996019428919,0.999959137768924,0.999581617195117,0.973957322529319,0.997994937664002,0.999768503616101,0.999909312014309,0.999997458569668,70.6753793949514,45.0571247264136,-7.42129494212791,5.47127192086233,0.390855989217845,0.820101694840685,0.927983209919064,0.88172372066674,0.858186563598079,0.868809062972435,0.876903881102999,0.0294618183998801,0.112970869515984
"MOD1391_Y1_a.BDF_czRef_child.set",0.998937523288569,0.996589052316165,0.990696867097417,0.990542632199881,0.852903763129862,0.140280563695886,0.839821245600571,0.96963110375006,0.988691722119235,0.994537269830442,7794.60304434955,1449.03501770918,-40.2110951775393,-26.7115802468363,0.0023628765983624,0.069549300850486,0.108772890816781,0.0929783879350636,0.0422927340515082,0.0168314197595499,0.40248289136235,0.00813738626637226,0.00826235828208322
"MOD1394_Y1_a.BDF_czRef_child.set",0.999999943154421,0.999995987631028,0.999980605136614,0.999832866634646,0.994574846060339,0.947804517730232,0.996107744158758,0.999813387270144,0.999971021204066,0.999992026884367,167.006493758175,58.8708667502613,-16.7490706873797,-3.68583026887156,0.13153309156274,0.0187259524324372,0.0638129633073771,0.0823134161883031,0.0865022856839821,0.046439962928318,0.100084609754585,0.0306728711636869,0.0217050412036941
"MOD1395_Y1_a.BDF_czRef_child.set",0.994017972807757,0.999763626980952,0.999078693483408,0.994762113893201,0.952072565287244,0.153019879199032,0.936009449034848,0.98952664962938,0.996730099629654,0.999186486991502,45.167491538292,29.2845815528747,-3.94453598687415,9.1441022800252,0.496343604106492,0.82617816906505,0.866900338681279,0.846524525339391,0.875507919043975,0.902104803329746,0.902073971881371,0.135483536953213,0.173848482977821
"MOD1397_Y1_a.BDF_czRef_child.set",0.999897069914841,0.999275611130752,0.988952508536651,0.958613568441704,0.795677986616398,0.033427856973946,0.81030892263263,0.946466584273291,0.979935469849902,0.99162517357221,37.3864107696793,26.9665109393725,-3.02784161326248,10.0987801829352,0.523467894872415,0.957873395978602,0.964722595042369,0.972397273295608,0.909296577552149,0.898262464436739,0.894754315046647,0.0310794581575413,0.0762047477924025
"MOD1405_Y1_a.BDF_czRef_child.set",0.895726184500483,0.999458371473107,0.998185959142418,0.997866308526495,0.967974601434158,0.664713786947406,0.963560007068955,0.995689666653859,0.996683497980764,0.99815203052554,41.6097443537251,32.2050918893975,-4.07444038389075,8.45715477560667,0.516151962829662,0.940152695280185,0.941415884954139,0.98628607114758,0.936841088284142,0.909888843885989,0.888013855588973,0.115795295642434,0.153656501671262
"MOD1414_Y1_a.BDF_czRef_child.set",0.999796882080845,0.997854236053707,0.997591057049109,0.988418101096742,0.944903615804768,0.312985099230867,0.911192100484964,0.966323420645091,0.974386797398467,0.996488055484516,27.7993320934302,18.5766210216781,-4.342407253562,8.57353734974031,0.505064977504196,0.868790325419619,0.886759705119665,0.87414003377508,0.876616476388375,0.843525060693919,0.839189576945599,0.125770633077323,0.192271847604811
"MOD1416_Y1_a.BDF_czRef_child.set",0.999977714226426,0.999768896760606,0.989439240701175,0.927359024177527,0.795122842921213,0.0592801840855618,0.770482216804339,0.912494540979256,0.936201203762657,0.971059469795934,311.447845522386,91.2439331963882,-13.4763212558133,-0.337987010591119,0.113540036976541,0.275306855426063,0.27074080590115,0.215151239753538,0.12307850203552,0.0754787731991017,0.0927119180229968,0.00699086805579422,0.0100545771006521
"MOD1420_Y1_a.BDF_czRef_child.set",0.999742060875654,0.932768342379205,0.902144037258391,0.681382760141713,0.471463739189764,0.0144150050840063,0.200876471275127,0.339327656603786,0.500792573884522,0.823068067068855,52.5070554745763,28.4612163885294,-3.09747070203078,10.3749382842731,0.544644150681199,0.597736513320462,0.532979703225639,0.41393001896702,0.524381561417163,0.462598472733322,0.619325654436323,0.0523893744506644,0.144059648571255
"MOD1421_Y1_b.BDF_czRef_child.set",0.999999876386254,0.999924272630672,0.999682456322201,0.997996864420511,0.981070530440169,0.772484305473655,0.977143322859109,0.996403353984065,0.999115557877289,0.999801837582028,71.8905714827081,37.0051909907043,-8.22326891872451,4.37947871647039,0.366160151386573,0.869206224205303,0.91027835959077,0.944078235503024,0.933279383443771,0.961604335653717,0.956779984747602,0.0701932329962224,0.111893268398059
"MOD1426_Y1_a.BDF_czRef_child.set",0.99995119265057,0.998203586767362,0.99336819493576,0.960287548071215,0.815808417401692,0.0177557066822234,0.774047778126402,0.942385733478691,0.987563650944277,0.99669489388864,71.5419480876415,35.6124031548241,-8.1124878679852,5.32601971932201,0.368545619773339,0.44292629779647,0.380826664779789,0.189592239519499,0.165876904376437,0.126606000804672,0.0740299748025327,0.022934670925712,0.0182853447156327
"MOD1433_Y1_a.BDF_czRef_child.set",0.999999897632917,0.999887439046682,0.999687034689568,0.998243620273125,0.975986805972135,0.166251677874986,0.974518689454622,0.995335789446225,0.99901812762369,0.999773433550103,27.6068687411053,18.1137772284154,-0.269776526591499,12.6797799723624,0.607071147766286,0.955454714631005,0.973628950750927,0.945918015374524,0.854414046465855,0.675787489527407,0.639219323742423,0.0237784200431991,0.106393526200367
"MOD1448_Y1_a.BDF_czRef_child.set",0.999999996845666,0.999996510669801,0.999984149160054,0.999830718783714,0.993124956611482,0.957680799782266,0.988814171839989,0.999655864994708,0.999942917848917,0.999990823915448,142.285141174971,70.9455938726973,-13.5976116750251,-0.509419111638906,0.176098845711494,0.279309033290856,0.460822218648446,0.488160961848188,0.395017936337749,0.51811962488967,0.582155324590812,0.0272404080863183,0.0193868280009981
"MOD1455_Y1_a.BDF_czRef_child.set",0.999998853642819,0.999892752739093,0.999606727035591,0.997883993180055,0.987708184832652,0.873043805070214,0.976611311018255,0.995909224070236,0.999013587996852,0.999764968687452,9276.14376858864,5195.73682323983,-15.8327844682977,-3.28866861683259,0.223364772323935,0.347913646314381,0.375158046383812,0.367129659223436,0.355440713816942,0.348714270616103,0.274223913508554,0.0136522826717169,0.0208670768592362
"MOD1468_Y1_a.BDF_czRef_child.set",0.999978759207119,0.999434104024652,0.99804329221663,0.986314944712784,0.928938891675186,0.227394436797279,0.887395005591959,0.965961668117537,0.988976802203531,0.998645562751582,1751.09180169037,291.361469117173,-17.9033667799365,-4.95539564858335,0.0118568704458643,0.254194260406702,0.504523758251502,0.519752344994745,0.529895185166869,0.50088644704585,0.524677860642706,0.0225584588125835,0.0298561141497807
"MOD1469_Y1_a.BDF_czRef_child.set",0.999999999764422,0.999998824458935,0.999993511223338,0.999945834236349,0.997420202682812,0.988510005828937,0.995334816717125,0.999877958947709,0.999983038365981,0.999997279077444,41.4066365870888,28.0411679639514,-3.49450595319409,9.83547020765656,0.419406276915314,0.918960055739154,0.965136608964622,0.961388560666986,0.960865302794771,0.950355937148833,0.926228486654656,0.155815679064521,0.20072677082702
"MOD1470_Y1_a.BDF_czRef_child.set",0.99998714739777,0.999974111395391,0.999848303807793,0.999016651032833,0.981087186110785,0.911171538066748,0.977241869709781,0.999166782225397,0.999836314205185,0.999945931079908,64.9614531053225,36.2537984846916,-6.15289403249822,6.49493840356394,0.281944711652124,0.764177493911762,0.864226690652255,0.885467815062818,0.831749615397545,0.892349135374036,0.929676238047879,0.0423285926711011,0.0951296275737554
"MOD1475_Y1_a.BDF_czRef_child.set",0.999995283726087,0.999999720810779,0.999997189962617,0.999994243753584,0.999447106510575,0.994212881050821,0.99959514847861,0.999992167739465,0.99999590109287,0.999997463630502,4193.72283362407,280.469056057186,-44.1121965325059,-31.7996769993117,0.0068691358690229,0.000338725833173975,0.000493136309702347,0.00150001738425235,0.0001352217628104,4.16818753735443e-05,3.17201984515107e-06,0.0043822755953348,0.00319075436909172
"MOD1481_Y1_a.BDF_czRef_child.set",0.999999997416696,0.999998004549683,0.999988967811267,0.999860340602476,0.989397188481995,0.975615242867232,0.986662083026656,0.99976668896763,0.999961287182184,0.999993056148298,44.2843825995049,29.8531200876411,-2.7326526700535,10.1790895213143,0.542461154243844,0.972995006705625,0.963038855959289,0.975412793424645,0.963223954862345,0.960235868369426,0.963502339364539,0.130970738966354,0.182280991243478
"MOD1482_Y1_a.BDF_czRef_child.set",0.999995519539504,0.998852825302945,0.99654653738508,0.979590983078925,0.897062141499082,0.0718530930828489,0.874186034321892,0.975752335950531,0.992344419370518,0.998093668066993,98.5709971604097,44.3693668078273,-9.51787028669792,3.4572232674176,0.215627503576455,0.466064924478654,0.402118848640495,0.478212382314256,0.244998960378969,0.251411169434245,0.275789952663504,0.0116346282628265,0.0134958633153739
"MOD1483_Y1_a.BDF_czRef_child.set",0.999969800039671,0.999993346430816,0.999970525588351,0.999867040748063,0.997762433045253,0.955862600291233,0.996404710032956,0.999692591206867,0.999903980146047,0.999988476179238,181.479353388578,60.0846171082182,-16.5073041646524,-3.82774387659707,0.122121380540439,0.376766687268033,0.480902150177859,0.531324800183393,0.551649823240883,0.648683448266869,0.720205927124252,0.0331603001210712,0.0318670020425118
"MOD1484_Y1_a.BDF_czRef_child.set",0.999999999746094,0.999999833349654,0.999999339911377,0.999992023641861,0.999390802473862,0.99706645916385,0.998351524166907,0.999943272821183,0.999989510847423,0.999999593251917,33.0325477285679,23.5193310289579,-1.39348546793027,11.6203078798836,0.643140560588408,0.928860560219292,0.958650816763537,0.950038268770239,0.95736378886815,0.966688289624545,0.967270208706184,0.175419970347947,0.237503725143199
"MOD1493_Y1_a.BDF_czRef_child.set",0.999999927686302,0.99997739182461,0.999882003827591,0.998869409745991,0.988463013126154,0.758540754706566,0.98006975980504,0.995516809695669,0.999059284388781,0.999930848721198,205.043687086981,96.9829961182647,-18.7230893005629,-5.97549529101886,0.100320484028961,0.41377721349957,0.63156256361735,0.504090889262575,0.219643360977803,0.157208239438299,0.143349761934375,0.0111608656683022,0.0188457370218542
"MOD1502_Y1_a.BDF_czRef_child.set",0.999996965460331,0.999980328747782,0.999920889125384,0.99939692181315,0.994729898923989,0.698001334913812,0.992506298232369,0.998441124027393,0.999541876745656,0.999946976216866,3518.71179522553,404.522547700204,-19.5827181734755,-6.62310191883154,0.00463000120555447,0.642403844358111,0.698351176028899,0.62195968101669,0.653840623995086,0.608908186221925,0.623016101145356,0.0225840300126452,0.0550197030256714
"MOD1503_Y1_a.BDF_czRef_child.set",0.999846263815569,0.999797342796257,0.999259477274776,0.996202685611806,0.976806334600075,0.0926908285067169,0.970134529671278,0.995977707883408,0.998991745670662,0.999551318416899,223.293181816864,74.601714939905,-16.4096341413422,-3.41496980627104,0.155657603224361,0.0206915862626742,0.0228098000825402,0.024460096721313,0.00514507539157967,0.00181949423917597,0.00477326127041987,0.00543481616846602,0.00669805468750685
"MOD1504_Y1_a.BDF_czRef_child.set",0.999999850322572,0.999996311584048,0.999985372519868,0.999860910787295,0.997409605492552,0.98569410241607,0.99212545194425,0.999497545719165,0.999917000759859,0.999992426557177,448.311081329683,138.558092220393,-22.7383197267178,-9.93609515019238,0.0642548978644457,0.111289462361061,0.797763550964736,0.450368413023094,0.239847530601385,0.457919958464,0.625778085676398,0.01844934246676,0.0153942439654843
"MOD1508_Y1_a.BDF_czRef_child.set",0.999965512427409,0.999140146860201,0.997262674201915,0.985197003207957,0.932066144316245,0.019183829348218,0.916352582748029,0.979042791974869,0.995042956058827,0.998201515303082,119.517801369158,44.7179834153645,-15.4028011559722,-2.17257149777594,0.178695379713854,0.0235918565401254,0.0355486248994122,0.00693840379369451,0.0146961655036183,0.0197352671634947,0.0278333624535893,0.00925678007790442,0.0149849409536709
"MOD1516_Y1_a.BDF_czRef_child.set",0.999999958850791,0.999981017858723,0.999912799893012,0.999163179072149,0.984817189967971,0.781115746061768,0.981710582888459,0.998549134171232,0.999672577946274,0.999945964119866,86.823704870354,34.3799520413834,-7.09209219869072,5.96036532649221,0.211469671825629,0.85350362343709,0.886623344121304,0.869110371614225,0.913213047396102,0.938011151927593,0.949732754567291,0.0959930728991309,0.1384395084773
"MOD1517_Y1_a.BDF_czRef_child.set",0.999928429490124,0.999991798659442,0.999964952512102,0.999774040260366,0.998783721955514,0.798754814751688,0.998582126761026,0.999730601637921,0.999952048007947,0.999985533616762,735.246490637586,188.321883971117,-20.7325775062112,-8.14125360945313,0.0857137903763091,0.00957494105842589,0.00938520974404878,0.00406458949762851,0.00102622636138419,0.00112029957900476,0.00104942776697873,0.00670049286149593,0.00588459192611731
"MOD1518_Y1_a.BDF_czRef_child.set",0.999999997659908,0.999998601115763,0.99999312633665,0.999923781381942,0.99354892633477,0.984528126713108,0.99385713891656,0.99989271934793,0.999982445615075,0.999997109797139,49.7114578854574,29.2871316248992,-4.16798859665343,8.78597504375259,0.369983736443451,0.91812689181478,0.759207662974476,0.81209626359033,0.883073250367906,0.867838391951809,0.882802619365302,0.113080571204633,0.165917251929624
"MOD1522_Y1_a.BDF_czRef_child.set",0.999990625161732,0.999037828003684,0.996843527498257,0.978836346847698,0.896006738727339,0.0382359282804309,0.855082452764944,0.943985219187902,0.977001822440466,0.997098101259421,55.5469125512753,39.1324390671168,-3.83348144482309,9.67328921408413,0.56184902794944,0.406906800738592,0.545844953454242,0.573424350230597,0.487445042291332,0.706408717724087,0.764223122142627,0.032083745156195,0.0937638256946565
"MOD1532_Y1_a.BDF_czRef_child.set",0.999999993717407,0.999996186274399,0.999983428605836,0.999838743349308,0.9938789699505,0.974097814547032,0.985424571130451,0.999708362645032,0.999959093749884,0.999993229740891,38.80055458267,26.5655864783066,-2.18451386307456,10.5174095744298,0.593474214049504,0.9008505966284,0.902258740809791,0.945293591299339,0.95679407895074,0.956345770290169,0.943192445056418,0.153310049310067,0.191013525212819
"MOD1533_Y1_a.BDF_czRef_child.set",0.999998475922234,0.999838490023625,0.999440053702643,0.996709567268241,0.952416891470276,0.187939773099643,0.940527336391574,0.993323725389021,0.998268009065091,0.999681771189911,123.696622312711,56.0565650187541,-13.1708581244909,-0.116277640754521,0.216215772492871,0.377101534178533,0.782315944183913,0.811631624578617,0.734081346265388,0.720503599031773,0.809414129746291,0.0168500756822432,0.0296245708850361
"MOD1558_Y1_a.BDF_czRef_child.set",0.999912666538581,0.999157779500023,0.997567565910865,0.990820838663097,0.957374695516329,0.754884345841705,0.964330716476272,0.989263293881625,0.995294486606499,0.998823468510221,24322.9429140662,8331.71653543286,-39.9227183103241,-25.81213851643,0.00821301369951695,0.38738999003842,0.426458564351365,0.413897913999443,0.433230296957755,0.472956801622883,0.484803300786157,0.0755964797732108,0.110610186339201
"MOD1567_Y1_a.BDF_czRef_child.set",0.999963878332141,0.999959874653772,0.999849734415557,0.998874659991801,0.992856966951342,0.932421623693486,0.989560893408949,0.998463288426394,0.9996770939732,0.99990595897491,77.0280512420154,31.08938007474,-6.69419746137692,6.31790649692695,0.334651803999857,0.844999894832623,0.878842946833631,0.908448189472955,0.859443671807206,0.901409199233706,0.89094270953549,0.120268669369793,0.141669724549443
"MOD1578_Y1_a.BDF_czRef_child.set",0.999977361365872,0.999933940862719,0.999716845631902,0.998813430188588,0.991204130945931,0.883314975040798,0.980990405241729,0.998846966440759,0.999535268377469,0.999807103025718,48115.2165935315,23547.331150677,-45.5063965462194,-30.0323663603275,0.019818127396111,0.217119081303083,0.293724883899221,0.272854921650887,0.214297540843394,0.192218692591696,0.185147035680713,0.00480356115959152,0.00847725389985964
"MOD1669_Y1_a.BDF_czRef_child.set",0.999999707209753,0.999944716391274,0.999793851274634,0.998024349263799,0.985039155401326,0.398312815583063,0.971148555255189,0.993732993181116,0.998436416890257,0.999845785129885,107.125656563882,53.9605164317379,-10.2036045004546,3.19276986179738,0.250444145557331,0.7191608050243,0.765347603690036,0.842983201217426,0.815334319474238,0.839525245130411,0.879978626774073,0.0355920613206026,0.0544028524399408
"MOD1675_Y1_a.BDF_czRef_child.set",0.999998589672527,0.999999844799623,0.999999431160321,0.999998260189569,0.999978182207175,0.98639576498114,0.999958051416824,0.999997485031974,0.999999474640752,0.999999499228206,4098.07929073579,164.502703277599,-44.1655215438757,-30.3105805854027,0.00567768569055438,0.000178637525505484,0.000399497734535608,0.000571304460089716,0.000375393166122523,0.000104430981463173,5.66120722992982e-05,0.000674649982219542,0.00207238799496751
"MOD1689_Y1_a.BDF_czRef_child.set",0.999999997882209,0.999997970056826,0.999990280660198,0.999895203792846,0.994399423914252,0.977454848095467,0.992708459016358,0.999784271622076,0.999969080259919,0.99999480370514,38.2433121285397,28.4209634962495,-2.02337719196019,10.6088517992344,0.571964566707262,0.963338691312276,0.979294007327124,0.975764894115296,0.947246359730102,0.946786801232538,0.946987120824105,0.209364627965679,0.269364220922192
"MOD1699_Y1_a.BDF_czRef_child.set",0.999775323130359,0.999962486935131,0.999837804878369,0.998940930948393,0.986163801541538,0.888421357492752,0.985663682297081,0.998604567586947,0.999750228817746,0.999932051151023,72.307970269479,45.8068147430787,-6.94806262753702,6.22884418947243,0.300176176409858,0.835789548252063,0.849147270776924,0.853558276905733,0.818021439329526,0.834283678571618,0.861520841470797,0.0638871853990438,0.113911161067046
"MOD1707_Y1_a.BDF_czRef_child.set",0.999999800198379,0.999990484165711,0.999958847126084,0.999654448872195,0.992762279443878,0.946052308608268,0.990341928722361,0.999448323046945,0.999885291511984,0.999970240409329,337.218351521851,78.4632294677307,-19.4584184790358,-6.34764252892748,0.0707118632080641,0.434423239018116,0.55126269176891,0.54184778369662,0.532308260223657,0.602556975599241,0.660493355133452,0.0122176425061711,0.0167079162634934
"MOD1711_Y1_a.BDF_czRef_child.set",0.999999338882774,0.999976100218848,0.999891439761736,0.999203681089842,0.990514168522365,0.955790095027037,0.991727452775311,0.999273168006967,0.999814664014682,0.999932492289432,340.869007684816,135.198318566743,-20.5838843236936,-7.38540171808316,0.104172319013735,0.499221373908345,0.711091668083672,0.728107296087224,0.59749711182799,0.630736308974691,0.618678912626984,0.0503188588427513,0.0166070454639096
"MOD1714_Y1_a.BDF_czRef_child.set",0.999999894193086,0.999976016008665,0.999886182676118,0.999029716787151,0.986753245730203,0.734143541802903,0.98139917652755,0.997973836475337,0.999644688048102,0.999940643690369,49.0530537981206,31.4939974465924,-5.79943203071428,7.71970878205098,0.457665769549747,0.630636774210175,0.672797574584312,0.742357239255803,0.603588421193129,0.658938807619686,0.665128593572632,0.0138201822950287,0.0302009110956036
"MOD1729_Y1_a.BDF_czRef_child.set",0.999999755487455,0.999935631869415,0.999740613785271,0.997865878733754,0.9726109720948,0.448002192816366,0.969626543021966,0.996440522956236,0.999263975083461,0.999868397161969,79.6982739610993,40.028135392043,-9.70176424011367,3.36954489522473,0.298031839166869,0.673650452878014,0.670528276828583,0.759684900891744,0.752070547970837,0.865485160393846,0.948971298846356,0.0351096944832911,0.0524648984833959
"MOD1731_Y1_a.BDF_czRef_child.set",0.999999965105521,0.999990414326605,0.999951230004509,0.999568633781147,0.981701006005707,0.87151113871563,0.985639518385481,0.999213963209188,0.999841243787972,0.999976349127029,32.8377656215994,18.055714517141,-1.36910017927638,11.8413791211241,0.472780652504252,0.921095161672511,0.911207698944805,0.93338885578659,0.898937494906597,0.919886809674092,0.939881282449273,0.287057255847454,0.308224247685467
"MOD1735_Y1_a.BDF_czRef_child.set",0.999999985395784,0.999995721160375,0.999979909069291,0.999779510358307,0.993652608482642,0.961472201669851,0.990122412169644,0.999695470578253,0.999953515908514,0.999991189234029,64.4737653905454,42.9390334932039,-7.08497595140169,5.90143387420499,0.351647082741327,0.847479862470127,0.891205621320408,0.877995854992815,0.704012561013861,0.597782310073188,0.58505927606279,0.0242331118475843,0.0468051102862285
"MOD1740_Y1_a.BDF_czRef_child.set",0.999999988773557,0.999987010336252,0.999931046046181,0.999297171470403,0.981731856094739,0.882152775660809,0.981777308822203,0.998796502654426,0.999784572526255,0.999961097145095,26.600311042466,18.9834958020398,-1.68735682780183,11.3940100202235,0.639629313878197,0.908737634974014,0.942964347185076,0.978918593167444,0.936652859546311,0.930875260734677,0.920236062297785,0.128627595042818,0.226223077077478
"MOD1771_Y1_a.BDF_czRef_child.set",0.999999849845797,0.999974852595315,0.999897478197012,0.999059326266043,0.981325868798124,0.872222501816413,0.980322253731924,0.997862130647991,0.999368017158921,0.999944873601802,51.7624624430475,30.7586229243677,-6.92998409497411,6.03729860074816,0.416203583177304,0.684997012696688,0.87137755606724,0.879188056539319,0.825996277795141,0.812725243296675,0.823336992383567,0.0569071457805838,0.0910145662826195
"MOD1774_Y1_a.BDF_czRef_child.set",0.999999948163645,0.999990890870377,0.999955894434295,0.999536326195904,0.983444915955993,0.902633943134958,0.979896682949502,0.999210370063349,0.999864773018856,0.999977623501115,51.4750362084595,31.2040743392155,-5.03656617531506,7.56688735876699,0.428677208715433,0.687840234512709,0.872731960798806,0.907504749839466,0.84766842053159,0.899370414282731,0.907061053108698,0.100162597225829,0.143604162250805
"MOD1775_Y1_a.BDF_czRef_child.set",0.999998467301675,0.999991660739277,0.99994265160498,0.999304327493187,0.984264588240727,0.91609252777777,0.984611640886823,0.999359913635754,0.999910954200535,0.999973307530991,58.2627273694882,34.1969589842306,-7.23486694299495,5.99645702844617,0.34449308883438,0.745997842455561,0.879701917355023,0.903438494593316,0.847541069559635,0.848258418468711,0.887827584550225,0.0474899778724191,0.0692865314263968
"MOD1783_Y1_a.BDF_czRef_child.set",0.999999950613129,0.999986074264292,0.999943560387731,0.999491904154504,0.985367281992946,0.909444933273967,0.984104723814411,0.999260523528214,0.999883874622179,0.999974707794777,76.0339758266591,39.4445360669048,-6.89376565298479,5.983392215904,0.370032537188125,0.575470052576521,0.610832571009624,0.767290663913841,0.671635677736189,0.810573527067522,0.849429080557645,0.0694995879227924,0.12687065069054
"MOD1785_Y1_a.BDF_czRef_child.set",0.999999908446305,0.99998217016361,0.999922425101465,0.999304645577321,0.973056589979216,0.897849125339558,0.971039130067762,0.998828685702189,0.999785713000634,0.999949220702825,145.621254615296,48.1830480812934,-12.7545945622962,0.245437751308399,0.239187477241627,0.862657000388322,0.801058191964734,0.904845845467322,0.830151876463251,0.902681828500023,0.947282796220628,0.05133891316651,0.0439749580144171
"MOD1790_Y1_a.BDF_czRef_child.set",0.999999982361947,0.999983072169064,0.999931336149669,0.999369870051741,0.99233654622815,0.703712695204234,0.985898132607399,0.998086722620074,0.999538760030994,0.9999554602857,2026.02004396274,141.124376798701,-33.6366962043721,-20.9953343091778,0.0123142293412491,0.595346947249609,0.503639437628929,0.495676720145923,0.40215291827357,0.689098807538461,0.614208777888138,0.0146509391192343,0.0158815528848661
"MOD1795_Y1_a.BDF_czRef_child.set",0.999999923697629,0.9999840174884,0.999916325042886,0.999211634580671,0.978738720923221,0.841269031120497,0.971077261941624,0.998799191297381,0.99980605294452,0.999959145352962,23.5694523170954,16.3125987078582,2.12359951591595,14.293981824128,0.736786103933343,0.942574393974906,0.924722754663655,0.893116691982333,0.926423307832291,0.913015487357611,0.886484479009592,0.142554358300156,0.364451375736846
"MOD1800_Y1_a.BDF_czRef_child.set",0.999999983384126,0.999995100619918,0.999976848425624,0.999772974785843,0.988641340853701,0.938362098352336,0.990463932707235,0.999585301474313,0.999932619301622,0.999989053167524,90.0248843488648,42.0256459681083,-7.90712151313055,4.79792407008247,0.259184281965683,0.896007713693676,0.928034329110093,0.959893446838196,0.881629252664961,0.883005062891988,0.911392811381059,0.0473301626442729,0.147789709092551
"MOD1805_Y1_a.BDF_czRef_child.set",0.999999989383291,0.99998793156751,0.999943318215645,0.999460208296781,0.990449658179057,0.850286096642175,0.98970010539905,0.998871490319865,0.999740819178639,0.999958948649666,30.1769718678465,21.6885908787166,0.267789327378383,12.7693287460333,0.715167316088117,0.956261761744983,0.89870923392262,0.845855856577683,0.87811634237218,0.834572312502413,0.799212656798776,0.139206000768016,0.24591753354356
"MOD1810_Y1_a.BDF_czRef_child.set",0.999999995430945,0.999996649954123,0.999983160381228,0.999812527791652,0.993006998259995,0.954717761127448,0.990120604399036,0.999592986056602,0.99993625701454,0.999991106869669,39.7025449991323,28.3166128936363,-3.13770410349088,9.68163386948515,0.555598864797323,0.932108815672457,0.918262854195914,0.930169838556468,0.904957386368442,0.925458933985998,0.937190098791765,0.124733882459195,0.215249848114188
"MOD1812_Y1_a.BDF_czRef_child.set",0.999071718401255,0.999912557441197,0.999695452934205,0.997588042817212,0.985926985578876,0.813772610066244,0.981955800988131,0.996252535450635,0.998974416221303,0.999794634635709,56.5194274327655,24.6890645596077,-9.35652514092704,3.73868776557821,0.337908480753599,0.734987906479198,0.899259235542243,0.907922542515657,0.893989095401693,0.905543107745999,0.912488595162792,0.0878141598701238,0.0532329707679088
"MOD1814_Y1_a.BDF_czRef_child.set",0.999999994546791,0.999997482654724,0.999989544078584,0.999897170533332,0.997932037125033,0.949570085500562,0.996544616084538,0.99964550421754,0.999909279636762,0.999993984422583,136.750846579183,89.7105276339959,-12.4985243664775,0.188626424114108,0.234627514558808,0.88094156571512,0.920666769474147,0.939268308730383,0.917247001046114,0.92727814736832,0.934717441494749,0.0278885416463758,0.0473174107969101
"MOD1816_Y1_a.BDF_czRef_child.set",0.99999999868494,0.999999338382703,0.999997264748657,0.999975471240101,0.999179891163496,0.995169251226093,0.998449207868432,0.999938607339822,0.999987746307426,0.999998756153823,201.972345060221,87.0501652378084,-18.3214063687229,-5.56885295918643,0.123071360602576,0.254141135466052,0.370884770174877,0.647591876450705,0.430239145144421,0.506169185750924,0.514505559851513,0.01912805824081,0.0135979157956407
"MOD1824_Y1_a.BDF_czRef_child.set",0.999997579867408,0.999837433132293,0.999415884226174,0.995994029858935,0.968850508608653,0.158459931444091,0.961592975731468,0.993870118414596,0.998667240877927,0.999735232182422,30.1318923274988,20.2824403511327,-1.21064081721551,12.5737823543072,0.661869284679318,0.900479186068462,0.870653501881635,0.803826157468106,0.527347609069425,0.394522679713103,0.442623588859673,0.0206870763274826,0.0475077713851736
"MOD1846_Y1_a.BDF_czRef_child.set",0.999999347800981,0.999944542578263,0.999815850492022,0.998488629954702,0.986952388948932,0.237475049684518,0.976788454794814,0.995036169237514,0.998312401198646,0.999859775293458,57.3492443756442,39.0689532669397,-7.01700608767478,5.87174661177068,0.40803803584154,0.919409319780755,0.934394371244645,0.87389675904059,0.724760461631787,0.824964252707694,0.871987897192069,0.0283018884717899,0.0638596266290894
"MOD1852_Y1_a.BDF_czRef_child.set",0.99999999573983,0.999997138159296,0.999985684491984,0.999860522662236,0.99571031110903,0.955170073636053,0.993604652112656,0.999664676288921,0.999932998973887,0.999992228187419,55.052878449294,38.0199100723015,-4.00561228025867,9.2841255275609,0.46044739669935,0.870540080710853,0.868375532769002,0.659574302606806,0.837183379319957,0.873182670649889,0.890958319290015,0.105572187748939,0.236014120613791
"MOD2005_Y1_a.BDF_czRef_child.set",0.999998602498649,0.999973315859072,0.999915672528493,0.999227277126982,0.992920116317038,0.959624520890396,0.988493550916118,0.998382659215978,0.999657732701041,0.999950165265828,275.791889417132,171.883393484554,-18.8778876411452,-6.17997029548693,0.10413924439899,0.681249179020408,0.766028814343859,0.696257792604929,0.644922466589454,0.725116517485718,0.757688702003444,0.0207113480843104,0.0169962816436726
"MOD2013_Y1_a.BDF_czRef_child.set",0.99999999928374,0.999999582008251,0.999998096107822,0.99997036237782,0.998399485737562,0.994088734072001,0.997192257758427,0.999925838306771,0.999984015330608,0.999999026684774,103.984682834697,73.3530215195947,-9.2542011665993,3.62022108664784,0.34166895706031,0.949951990726978,0.963528485324467,0.992045765637579,0.940984427943386,0.961953758670793,0.967482901131032,0.0770669637554676,0.0671441273581021
"MOD2023_Y1_a.BDF_czRef_child.set",0.999999993397595,0.999997454671629,0.999987996259032,0.999881075768991,0.993261201321441,0.988328724617479,0.988149669321268,0.999773562906924,0.999971097077715,0.999994908859162,282.563737186939,115.007757731222,-17.7590163641455,-4.89691100683806,0.0993791152181276,0.50795696774296,0.67548814031163,0.704673380444222,0.608422406229777,0.666840390847265,0.67064018472672,0.0241855010553358,0.0366139235248866
"MOD2025_Y1_a.BDF_czRef_child.set",0.999997961158911,0.99999454225368,0.999967450062442,0.999752477081572,0.992049809350763,0.962169397481461,0.989686871980207,0.999598402233693,0.999927284776961,0.999987387957865,238.045397730696,72.0410301084912,-10.9181683858546,2.28686641934198,0.0644377673192538,0.706276960717118,0.739923985981533,0.750696927168089,0.521798346907874,0.516066811354469,0.566419053750798,0.0264268069016618,0.0440723578649029
"MOD2044_Y1_a.BDF_czRef_child.set",0.9999998466654,0.999992875396753,0.999962751836116,0.999572125641904,0.978487408930939,0.946806326665777,0.979631429942566,0.999518865741276,0.999926858850921,0.999984022857136,72.492317547692,30.5823735087492,-4.44154718243053,8.86085871653967,0.278092425555158,0.837509740163798,0.892646559109404,0.874238260111488,0.862476723002248,0.805303117467752,0.781943072019771,0.157515035425632,0.207627125414088
"MOD2059_Y1_a.BDF_czRef_child.set",0.999999993112819,0.999994746006269,0.999975602430454,0.999744377593208,0.989503510762983,0.945278614334479,0.983863800850942,0.999479348108229,0.999916860044645,0.999986342969623,46.1448164561684,22.832651574503,-4.7075882105402,8.42224344642506,0.356083378236837,0.874454148585274,0.939393736569547,0.927246425368888,0.878093136608094,0.877571483616937,0.901960985927673,0.103291544308213,0.166180437677189
"MOD2062_Y1_a.BDF_czRef_child.set",0.999999997054933,0.999997877941375,0.999990375420226,0.999897348352685,0.994244104294841,0.961505176827166,0.995272376903696,0.99973725918148,0.999942733944089,0.999994189960817,35.6154378381581,26.7301288148713,-1.93972468572546,10.7994780833,0.619329477238207,0.947573393123059,0.941454995686164,0.937010244674545,0.929586857263378,0.917217584097922,0.902383832032493,0.198789231950219,0.221699555445632
"MOD2065_Y1_a.BDF_czRef_child.set",0.999999985856213,0.999993442365021,0.999972966581338,0.999808458849351,0.997134552758204,0.981495118598281,0.995549961375506,0.999684807907679,0.999895395411543,0.999985460492193,108.811148033949,35.7962599235748,-11.7805493697456,0.835554143987102,0.269260696575529,0.767161757743577,0.706160623087745,0.905801875532607,0.604207646261568,0.764000173310619,0.856316385345759,0.0661613328030278,0.0670091442698488
"MOD2067_Y1_a.BDF_czRef_child.set",0.999999937196328,0.999989400895573,0.999945542301951,0.999378487265318,0.978424344839667,0.939440854907714,0.979548314994372,0.999269487958766,0.999897174243946,0.999976457250455,78.3907793353893,53.1895368023496,-6.70677589642303,6.00254362798653,0.364362136197306,0.857534053451506,0.949206936054539,0.961550047508862,0.914795090527117,0.886770560522469,0.87950377598954,0.143358900367953,0.147172094928806
"MOD2084_Y1_a.BDF_czRef_child.set",0.998297140536647,0.993378909686879,0.987589654761167,0.965399146287935,0.878538423800983,0.00764980608121471,0.791783757360727,0.944325170392309,0.973705355878042,0.985170054543869,160.71451805316,101.683997961425,-12.6716046249192,0.666324264173929,0.170707784450869,0.323590885855421,0.214046535876597,0.0982478074022886,0.0665957628220825,0.0568845216139738,0.0549277378221726,0.00767167097820892,0.0113246298677843
"MOD2119_Y1_a.BDF_czRef_child.set",0.999999982042766,0.999998263204542,0.999991702542191,0.999900298380527,0.994468624371911,0.981952341900433,0.989937460682499,0.999812304140546,0.999966340610253,0.999996517492348,291.744730050453,190.22536341786,-18.8708169079215,-6.48739579111183,0.107010997795342,0.847176179385893,0.886062567642107,0.898533293283365,0.750834579892674,0.865437517763049,0.846792077232301,0.021278376696943,0.0259435125852087
"MOD2129_Y1_a.BDF_czRef_child.set",0.999999998408135,0.999998744662006,0.999994487468559,0.999941225555707,0.995859075465658,0.985197621422627,0.995114395500914,0.999826536525043,0.999969453383843,0.999997389639143,101.807931743176,39.0155650228662,-11.1511980001338,1.70336679041605,0.208688507060362,0.909437914970167,0.950989011049406,0.871360005816579,0.899296260675014,0.9512363035316,0.922314098138191,0.0877528274233028,0.0903983210435808
"MOD2143_Y1_a.BDF_czRef_child.set",0.999985723798094,0.99999991319747,0.999999511372022,0.999996331737612,0.999610789369878,0.999672525228238,0.999670411475171,0.999997711527907,0.999999655203577,0.999999227521306,2909.75501897888,172.241320066569,-39.5179245223592,-26.667400784618,0.00757974504757569,0.00564727182598387,0.00167941215119525,0.00140695939468805,0.00101113561449144,0.00101016242630708,0.00588097756059592,0.000637655605464075,0.0038184029605953
"MOD2148_Y1_a.BDF_czRef_child.set",0.986106517318958,0.999103938145432,0.999476678846836,0.998058617143547,0.971365503942621,0.479588303453411,0.938747068337861,0.987766055121465,0.992677973169749,0.995971407348757,176.100651039893,124.801942447859,-12.1902143226061,0.579925350932151,0.23912565115819,0.895744186027448,0.888786128717478,0.921962811875163,0.85790901775899,0.892721596613146,0.902342873717989,0.040321698800816,0.0458338246604794
"MOD2157_Y1_a.BDF_czRef_child.set",0.99878779545907,0.995677666237006,0.989289930895555,0.964715152484793,0.904480091316571,0.177887524736669,0.829839776879652,0.944561454751727,0.983580598367062,0.986389361719742,14214.6649996892,2208.95515965792,-53.2402130416124,-40.1455334030444,0.00175661425911296,0.000218808736493274,0.00017867034172228,0.000603236443809458,0.000415102753228314,0.000499741159219211,0.000188175598169268,0.000658437329489911,0.00168866451993103
"MOD2161_Y1_a.BDF_czRef_child.set",0.999796631135469,0.999741238248667,0.999855131190025,0.997806760542061,0.972515702166587,0.639366417222787,0.965389732421424,0.991866854823846,0.995680305311907,0.998193281955066,3386.27398831718,2122.74088403351,-6.69925891925288,6.00902125336465,0.358456759967218,0.650571796360136,0.66344169496819,0.568267680307735,0.599052909800697,0.600468446142091,0.57537996190337,0.0329551208138277,0.0760131583390658
"MOD2162_Y1_a.BDF_czRef_child.set",0.999999987340245,0.999994487128907,0.999980055503178,0.999796745739187,0.997485600005728,0.863227955867799,0.9945854236183,0.999002365190579,0.999648766670636,0.999988210365633,600.401372778606,293.68925875916,-22.6070415078396,-10.2304747095245,0.0661288109841056,0.574108129501595,0.472349278123957,0.727366032494391,0.41388220313139,0.584858703722555,0.708628445906741,0.020604188841201,0.0160929816343262
"MOD2164_Y1_a.BDF_czRef_child.set",0.99999994235737,0.999987330862384,0.999945785620554,0.999501116043563,0.982197886528542,0.878478545891553,0.980900565249801,0.998960112338621,0.999795376584416,0.999970222124429,104.185660662253,74.0184538395174,-9.25791361064957,3.56387064548697,0.306701384646689,0.685500380237106,0.782999170495055,0.914747445943692,0.768637112778582,0.771250197905593,0.830692382461157,0.0419565212633039,0.0380540712147441
"MOD2187_Y1_a.BDF_czRef_child.set",0.999999909549742,0.99998184300831,0.999926803671966,0.999356062374334,0.991536550952464,0.700201582811907,0.989647229858707,0.998066998202633,0.999412217742752,0.999953497183342,42.4752971842984,28.7379446874195,-2.70018113070312,10.4572584551271,0.461133262739199,0.93618757842574,0.926928885919465,0.949908619005261,0.931001300773191,0.948408685719194,0.969019184996895,0.181377170771876,0.256018902240508
"MOD2201_Y1_a.BDF_czRef_child.set",0.999999940316682,0.999923709013423,0.999694295219107,0.996979618122469,0.980795078413512,0.638210162361272,0.984248203424973,0.990242389559297,0.997996474846978,0.99979732402424,65.2920251547291,35.0708205110615,-6.27318638255872,6.68984857196239,0.381819107459411,0.807679648101028,0.85453059651856,0.880627716291366,0.836754214969353,0.872377623448884,0.868737790666021,0.106650094572441,0.145813094505254
"MOD2203_Y1_a.BDF_czRef_child.set",0.999999914787231,0.999982759717768,0.999923595773436,0.999259541587637,0.984570481340519,0.825868517698361,0.979475178505608,0.99854265353074,0.999740748822592,0.999960193819302,75.4076805051651,48.4702303836234,-7.35952366936907,5.84168625113317,0.36023217204539,0.929747107275378,0.945732709473975,0.986715128264163,0.963916143626619,0.93450592095694,0.934505020595355,0.12855489323505,0.144848845299615
"MOD2215_Y1_a.BDF_czRef_child.set",0.999999997768968,0.999999372094223,0.999997107781145,0.999968557755831,0.998238781808858,0.991225653979271,0.997964008687555,0.999934997444788,0.99998605170602,0.999998661138618,60.4692511011336,35.3084127797779,-8.54422191462715,4.39243673729123,0.36675478027584,0.854390403903122,0.895755914069457,0.902513042950357,0.802912300623804,0.790350983915586,0.810759330746565,0.0220159147802239,0.065275318489413
"MOD2237_Y1_a.BDF_czRef_child.set",0.999999995635682,0.999996684950022,0.999984319297061,0.999833202073204,0.990040549293636,0.975227093979935,0.989513183524609,0.999678807020388,0.9999574526823,0.999993658427428,118.243739249076,70.1575721835204,-11.9808921078709,0.900474685677615,0.225724323668358,0.907971352500166,0.942307942450365,0.96789042354922,0.914589615720744,0.934833240355768,0.924835138672119,0.0298553704951869,0.0343134971678879
"MOD2239_Y1_a.BDF_czRef_child.set",0.999999997182827,0.999997195894375,0.999985547069696,0.999862202902867,0.995701965311085,0.967960729187415,0.99341848862042,0.999740814953664,0.999954359509398,0.999993623220867,59.1225212111787,41.6221285306649,-6.11089682815272,6.59732472167165,0.438875844144117,0.945439596516483,0.92709048182083,0.928193885048023,0.908360626646348,0.889871559132019,0.863185954614965,0.124734465925651,0.127449473514947
"MOD2240_Y1_a.BDF_czRef_child.set",0.999269146261972,0.97994475307471,0.954274577753172,0.838969624309424,0.643844128724339,0.0198020469378681,0.622875822665134,0.825508567271001,0.913696617844128,0.964850175215621,224.952038652362,113.722432098121,-15.4949089541102,-2.35605074218768,0.126544168607908,0.671479395640237,0.570634430062079,0.326874991656873,0.249246998459765,0.240661780189295,0.128325436994825,0.0112553099857292,0.00627250458516028
"MOD2245_Y1_a.BDF_czRef_child.set",0.999959430438821,0.998522402750766,0.997896025292068,0.996717598967314,0.983063365755584,0.423125807765514,0.973714626680941,0.994818310402998,0.99677589166694,0.997068693959512,241.534843838249,68.70623735562,-19.5075638228694,-6.53161406821231,0.114610510870974,0.253228892177769,0.517044438236789,0.622948638172863,0.542191283614407,0.706257402185552,0.772389860695619,0.0380747602376887,0.0374354824238923
"MOD2248_Y1_a.BDF_czRef_child.set",0.999962149881145,0.999538763026506,0.998517315692255,0.991298661009164,0.952066181967839,0.0899486862197855,0.92346205868398,0.977788726722204,0.992040471796551,0.998838738709892,57.3292686970635,32.3177044815694,-10.4383757016515,2.0585652315924,0.300563665881326,0.892516069357699,0.856181888989837,0.825407632728018,0.748959683708474,0.768481610715948,0.778823667696448,0.00913981675138115,0.0276780812163824
"MOD2249_Y1_a.BDF_czRef_child.set",0.999999881038586,0.999973322964289,0.99990460308457,0.999019127780495,0.98898552340835,0.589329542457582,0.985695322701031,0.996495421499675,0.999231439768113,0.999938768245104,458.590488690533,233.667520707007,-19.9981087468919,-7.77910455144837,0.105144434966568,0.488223670098565,0.654786527715302,0.615306223686993,0.531093462338098,0.63324603510974,0.658250976776907,0.0391278668361089,0.0275605720841833
"MOD2250_Y1_a.BDF_czRef_child.set",0.999999993055572,0.99999801486212,0.999992495536938,0.999919121335013,0.996943513743729,0.961651693035079,0.99295170427051,0.999728018384852,0.999944812521985,0.999995825387179,168.868456360872,76.9675709741452,-14.5177916222418,-1.72197734745122,0.184327118424392,0.725424680257501,0.819312102648904,0.861682898041476,0.797938234450231,0.797530957615722,0.780083571675551,0.0132887118019386,0.0140484634061465
"MOD2253_Y1_a.BDF_czRef_child.set",0.999734411338344,0.997688670430004,0.993057067133285,0.962996904681911,0.886248404348877,0.0133370324104901,0.864483713930589,0.960589643996564,0.985708206475013,0.99380897992826,54.977679470645,29.6954516969652,-5.51283871680983,7.498345823981,0.461746011938289,0.595206156152488,0.344707257351419,0.265149625591136,0.13335578071599,0.0842598424356258,0.0988063446211409,0.0323777000615922,0.0317282360352002
"MOD2268_Y1_a.BDF_czRef_child.set",0.999986302300456,0.998702784932299,0.996889747447174,0.977677562343537,0.931635443279547,0.298656454492214,0.937069629431659,0.981490978868711,0.995569081170868,0.998012249235951,193.531450480669,94.9922427164839,-15.8310809229391,-3.01405240743395,0.160581675665658,0.162212047256813,0.305363388605656,0.206105479092622,0.091377215754982,0.11231527719303,0.0747056907894987,0.0101812199722094,0.0117011600331751
"MOD2272_Y1_a.BDF_czRef_child.set",0.99946493401742,0.989123323868839,0.971223366404842,0.909785151103557,0.827357619657539,0.0540282793351987,0.793445695413651,0.866984483114917,0.807644430218555,0.972899409720253,429.696879679873,132.168428005507,-21.9980507548729,-8.42254789326977,0.0818625148417573,0.0706916557155258,0.191826733353095,0.223992129875678,0.24652530277348,0.255330438244831,0.356771734680816,0.010660911007856,0.0141184054577695
"MOD2273_Y1_a.BDF_czRef_child.set",0.999999982443725,0.99999145848963,0.999967406941894,0.999687067188467,0.995955648963953,0.82142871882891,0.993243526862747,0.999002753776962,0.999661096237247,0.999981694540081,316.160031811141,135.646791439134,-16.2687740467838,-3.36944356781044,0.080671879881501,0.850256959269591,0.862712016417747,0.75336726899938,0.66408305273042,0.771853708527928,0.784493828651488,0.0442834021814279,0.0750378957487365
"MOD2274_Y1_a.BDF_czRef_child.set",0.999914422086018,0.997344770918166,0.99089587955969,0.953464130913739,0.795942591131405,0.0417844841193592,0.741139191822127,0.904989803780829,0.965065785018729,0.991790021661823,73.329926267588,49.5589344752432,-8.07472264918441,5.2079163225526,0.351173946777335,0.511334496652741,0.531009919350322,0.396720967367482,0.115616639687333,0.168366097476178,0.242687911205903,0.0117590531582938,0.0241176722941882
"MOD2281_Y1_a.BDF_czRef_child.set",0.999967144628884,0.998671030570726,0.996089972599571,0.979196027072288,0.903053540026657,0.0245415031036102,0.879733096239913,0.958394748149524,0.986148533417239,0.996562388303368,64.801082563786,41.0277139446933,-7.12989191399507,6.54059147576269,0.408733109923106,0.902196380172759,0.817222215402246,0.785641167806853,0.577307432541487,0.516557982714295,0.454686596614054,0.0248364252955905,0.0500679355785084
"MOD2286_Y1_a.BDF_czRef_child.set",0.9999999942948,0.999997316632869,0.999987660774663,0.999861820466705,0.996827747114265,0.976667140905373,0.990759327018069,0.999595394273199,0.999943678006784,0.999993101251685,40.8634318812142,25.7384792084977,-3.79937234209963,8.8528383544818,0.537957863915192,0.903538861416014,0.899555482068502,0.85788436384659,0.778909278237484,0.760247509928653,0.732224275861544,0.0669530428688518,0.149082974852339
"MOD2290_Y1_a.BDF_czRef_child.set",0.999999590120528,0.999987818578944,0.999942415243516,0.999501023432438,0.99015771661985,0.819269723052452,0.978969203981168,0.999124682562893,0.999850250750556,0.99996762270311,99.4785154626816,48.9557867445406,-8.42269116791994,4.78142334784999,0.22352415718147,0.735821193017628,0.738460697777837,0.673084834943867,0.618393377298534,0.640880862472434,0.669338794523795,0.0493316438218875,0.0982652247566088
"MOD2298_Y1_a.BDF_czRef_child.set",0.999991722688539,0.999992366850901,0.999951971851955,0.999559836430771,0.98819991420431,0.906642647598582,0.983474235051973,0.99911071239453,0.999911595806142,0.999978105004127,2351.90976936374,1306.68776231196,-4.22679912816926,8.75072032235973,0.177120071290659,0.811503332532986,0.829516072048992,0.822833896436521,0.837912712466778,0.915668474770674,0.926253549141537,0.172000374957384,0.239413992034933
"MOD2336_Y1_a.BDF_czRef_child.set",0.999999999519785,0.999999156423929,0.999996029606008,0.999954237077821,0.997457140889226,0.987419144565679,0.999058727920989,0.999910903011079,0.99997880682824,0.999997849963008,72.161479765806,41.2480202400846,-7.35160322961618,5.34046634457004,0.393138556376393,0.97796875718656,0.982336721702766,0.991859900359143,0.948234763629987,0.943661894810023,0.946464946124362,0.151145058529562,0.145718152464886
"MOD2348_Y1_a.BDF_czRef_child.set",0.999925786026974,0.998872509954782,0.995857722387361,0.974399943423263,0.872488128540554,0.0151750701967996,0.884034548222571,0.971009150209003,0.991562568358693,0.997244680586937,154.852740629052,90.7813726698396,-12.4468843588134,0.531021372732151,0.239177978261095,0.0738748215070332,0.101840951806756,0.0793598929296099,0.0316533014859797,0.0173655765814619,0.0374158954823646,0.00908376472951967,0.00954713167631757
"MOD2349_Y1_a.BDF_czRef_child.set",0.999999993867919,0.999998191745316,0.99999239270232,0.999923617746578,0.996998464011342,0.97735467287712,0.995034040889941,0.999797622815276,0.99997002896361,0.99999627445295,36.8557533543038,26.2876405213167,-1.24291045754695,11.6870874257282,0.654086398534886,0.951366936725031,0.966680279289211,0.97620532223526,0.933836010080607,0.897720105078717,0.880050465678624,0.142940107503429,0.220181788750866
"MOD2351_Y1_a.BDF_czRef_child.set",0.999858610268253,0.994475713331667,0.985367960493606,0.957690337369191,0.89342517915663,0.0247858258027952,0.879448650274055,0.946063468598939,0.976444969028019,0.990268726797048,53.3055440211165,29.5041412322317,-6.39679857380312,7.15507451369997,0.415898809385366,0.631852363729827,0.360416186191525,0.733406663701682,0.240273185232212,0.237608943241631,0.194550943759506,0.015033683686811,0.029089950437318
"MOD2354_Y1_a.BDF_czRef_child.set",0.999999977005749,0.99999701745584,0.999985841778855,0.999831076428319,0.992423221385906,0.978866423566954,0.987741361783804,0.999699731247459,0.999958599683092,0.999993080981966,56.0146468454107,34.6676788571617,-7.10484244402834,6.04103111711848,0.366024599784391,0.882296287139043,0.945687132953797,0.948975491661578,0.937850519942671,0.940896212930462,0.943700035362994,0.102616098825902,0.0980967256155975
"MOD2355_Y1_a.BDF_czRef_child.set",0.999999952477084,0.999970023422844,0.999877040640788,0.998891923795932,0.987787697520905,0.689178674439195,0.97947735911361,0.997841475072121,0.999531536633721,0.999917077002299,35.8458976585537,23.0831937122066,-0.438724216987102,12.3030966728039,0.611876339231001,0.952148007834417,0.956234754227677,0.950386366488064,0.928537997625867,0.930483392229518,0.935117639825672,0.181532625557164,0.310711042351167
"MOD2356_Y1_a.BDF_czRef_child.set",0.999291725832363,0.999998064213326,0.999974488919426,0.998701489439805,0.977924973461452,0.974644505824707,0.999902023812212,0.99945560815518,0.999992746764926,0.999976170147477,1863.51696906896,97.5857278500797,-35.5973653416561,-23.2222686968712,0.0171397507774454,0.00842755258202391,0.00515261633119999,0.00363394877521904,0.000753091496665274,0.000403051464141203,0.000189170660178014,0.0017677911367183,0.00202327308617087
"MOD2365_Y1_a.BDF_czRef_child.set",0.999999997294279,0.999997771103391,0.999991051959518,0.999905663675286,0.998293576633639,0.948503165355415,0.997660629270952,0.99963472579334,0.999892490459922,0.999994637871971,427.241238851516,229.846058678675,-20.7590646383516,-7.96524606871026,0.0764874510778265,0.633363131479314,0.662367858518102,0.663171668099978,0.570114312617358,0.735031779365528,0.780698250337594,0.0169693558389219,0.018698745252892
"MOD2454_Y1_b.BDF_czRef_child.set",0.999999827628377,0.999980061073628,0.999919546372771,0.99929022203117,0.973096882191679,0.855352566737102,0.968855600001267,0.998719485569184,0.999726020872547,0.999956380798216,35.957117417657,22.5844423373394,-1.44639808126843,11.6331760237671,0.547629087665437,0.761528584290899,0.808246272147168,0.855833459071682,0.756207805804542,0.797164543631016,0.859185368769999,0.143697605313514,0.263996831514064
"MOD2458_Y1_a.BDF_czRef_child.set",0.99999990471818,0.999953863614497,0.999818621308106,0.998397020112953,0.982282892160121,0.423007250021406,0.977835569159661,0.996556186294804,0.999089790340465,0.999872806835334,42.4182228682028,23.3377606804809,-3.80177529423891,10.0081903434462,0.413596047479964,0.709717086004019,0.659064959938359,0.747035884466841,0.69565428132947,0.851155582857556,0.878092295649683,0.0436865851484239,0.14320704747219
"MOD2463_Y1_a.BDF_czRef_child.set",0.999999993130472,0.999997668664122,0.999988413660189,0.999855157614667,0.992314893043401,0.987398858210326,0.991195336484604,0.999817140982139,0.999974171796537,0.999995592133444,34.832600999144,24.765122217991,-1.91012018136381,10.6569822469909,0.62759618218059,0.935811629733629,0.917724382505145,0.861108591398077,0.763784240524304,0.694176840923676,0.68007202412795,0.155183046678636,0.221496030630043
"MOD2467_Y1_a.BDF_czRef_child.set",0.99999978477123,0.999987243149057,0.999938650007362,0.999346064712124,0.977538537524478,0.886406975291514,0.977988610090618,0.999099886876008,0.999861045454925,0.999966203361416,32.2054321456889,22.0152979246439,-1.3758049719724,11.6394003547156,0.624109469181619,0.883373566838299,0.84623588254235,0.917506017208538,0.823057677110443,0.817251904979308,0.772885034608017,0.0736938730394471,0.141732439484075
"MOD2484_Y1_a.BDF_czRef_child.set",0.999999999788293,0.999999556964586,0.999998164978112,0.999976447258833,0.998433752940367,0.994757814815417,0.998001262811729,0.999940796093211,0.999989723783966,0.999999102587717,270.950372164056,146.588339407301,-18.0676341810844,-5.39271781011272,0.093569611536274,0.444932091598991,0.537191703406643,0.777284479244526,0.554717716124255,0.675996001544153,0.63972823380776,0.0135402728589352,0.0254761159833551
"MOD2492_Y1_a.BDF_czRef_child.set",0.999999997959432,0.999999995972493,0.999999992338812,0.999999975653515,0.999998423378787,0.99998146127285,0.999990443959958,0.999999974724319,0.999999980990227,0.999999998686489,2352.71578508692,348.941559814426,-36.2555573743753,-23.7604172547268,0.0141113574743819,0.00118124251260972,0.00233123660264436,0.000972680683024896,0.00114532025581349,0.000433483212881415,0.000451248066976553,0.00169667586624961,0.00516969772220942
"MOD2497_Y1_a.BDF_czRef_child.set",0.999752508943522,0.999986263268229,0.999991992029344,0.999250826946414,0.999628081137319,0.972626567437482,0.999504264355982,0.999823997824135,0.999975150433669,0.999960493332203,8027.90935092154,487.297702205295,-48.8222129879693,-36.9127651671998,0.00382373602419763,1.16858268443836e-05,5.33132322636112e-05,0.000687605195806187,0.000691935832298989,0.000103120032611647,0.00858870448854439,0.00135305882569687,0.00101824908745221
"MOD2504_Y1_a.BDF_czRef_child.set",0.999992725952355,0.999987898775448,0.999946896956669,0.999497702666136,0.98616221517086,0.888187119051447,0.987895457853986,0.999120009118252,0.999817647406298,0.999971694797224,100432.893526473,62466.738856578,-24.362021086809,-9.62668076714081,0.0761784281617244,0.173186495337467,0.178267418232236,0.219066200509878,0.173135996753239,0.197516679577162,0.184213258757258,0.00777850167044444,0.00825812619770458
"MOD2517_Y1_a.BDF_czRef_child.set",0.999999974826902,0.999988588129781,0.999950942337399,0.999533727342029,0.980771939270214,0.87377067832868,0.978522283993393,0.999065630768562,0.999832008275312,0.999973831643301,49.9326133970354,18.6578643826887,-3.7122240455505,8.96042760383527,0.236259640332318,0.943227276152478,0.962140140102674,0.941428513001713,0.963180211708852,0.942233924036337,0.943452420397653,0.172562901706957,0.240995302058842
"MOD2521_Y1_a.BDF_czRef_child.set",0.999999993574457,0.999999815062935,0.999999432070955,0.999990261313121,0.999424735889979,0.997598876014082,0.998909994522452,0.999982180215971,0.999998236539263,0.999999595650313,2193.77803379113,136.032745191383,-34.6694158787551,-22.2424525929226,0.0100254519644469,0.0103539911480498,0.0235381428345596,0.0759292796346703,0.0133066222707297,0.0250283052872544,0.0141908970795438,0.00701251745993474,0.0166380879676888
"MOD2527_Y1_a.BDF_czRef_child.set",0.999999940404943,0.999965237572854,0.999868418338595,0.998865476639562,0.986653142769332,0.684314571714729,0.979117507251775,0.997295392630566,0.999381422590483,0.99991692648347,45.390642985564,28.019130607735,-4.66033636063378,8.07100576949052,0.45890256128783,0.965199982563257,0.951128872967077,0.939198083705948,0.935335810700579,0.939481728118335,0.932780350979664,0.176390373965677,0.20487157625007
"MOD2532_Y1_a.BDF_czRef_child.set",0.999999991634791,0.999990022678619,0.999956373340783,0.999583335933322,0.992422104095342,0.885580095055355,0.990555801440968,0.999133155160448,0.999830424074153,0.999976608939348,44.074220906302,30.7777359536714,-3.74957441747712,9.67325008478492,0.532317866841286,0.963679953223154,0.973758214018827,0.986833790997344,0.957659938128552,0.953044828830621,0.956036054369041,0.111923588782761,0.160978632500713
"MOD2540_Y1_a.BDF_czRef_child.set",0.999965310611866,0.999988959574416,0.999950941723458,0.999529419637155,0.979909792297178,0.921928527828025,0.983234143309905,0.999415626863689,0.999909072239409,0.999978608049978,53.241551801044,37.4621555289116,-5.02354464840714,7.85839574350373,0.428367578401738,0.932706252521975,0.912284789741909,0.938613096599911,0.885238973306091,0.807716007252347,0.796790860434466,0.0652592019824118,0.0900467025169122
"MOD2561_Y1_a.BDF_czRef_child.set",0.999999986705476,0.999998193927642,0.999992608565755,0.999888605577602,0.994914141040037,0.989130858009837,0.995429778600737,0.999902987880096,0.999984354576638,0.999996940692756,420.899733044844,179.933275051803,-22.7098138604038,-9.77519536506428,0.0743968212894652,0.0713159369132335,0.051050506564879,0.085951529490981,0.0371447910462221,0.0466773901928753,0.118298509147422,0.00572968209830613,0.00870491396181011
"MOD2567_Y1_a.BDF_czRef_child.set",0.999999985787576,0.999995692515922,0.999981127286075,0.999806199183738,0.988574589703847,0.982028850566892,0.983070419994124,0.999628329960076,0.999952419867035,0.999991054293837,40.7493180899267,28.1965597659125,-1.52682381097324,11.6579151658986,0.641229021938308,0.961357768674623,0.956623898180492,0.939088055734824,0.879808544230455,0.805676726281668,0.775894911388279,0.0981226410246347,0.189659028100028
"MOD2568_Y1_a.BDF_czRef_child.set",0.99999998789649,0.999996929348694,0.999986528615295,0.999859508963136,0.99100298747459,0.984465588784213,0.990920732294668,0.999810229356708,0.999973716738676,0.999994378441047,54.6729168642458,30.9448867448145,-5.45525155055362,7.62456152009829,0.473165465299017,0.466842348502245,0.551788285217655,0.672755714895778,0.328301352195046,0.313884675216986,0.438147970885643,0.0190492053506379,0.0308414317671469
"MOD2575_Y1_a.BDF_czRef_child.set",0.999999997885563,0.999999101272714,0.999996083999485,0.999950695039587,0.99362310520464,0.98905132306444,0.995766496012262,0.99992549312264,0.999984766644731,0.99999818368552,138.172825302869,80.8708516142349,-11.7205174109196,1.25405751564458,0.236718711990666,0.744456508531714,0.865986358579095,0.935206596011658,0.858779554558734,0.904900298251411,0.927532498365858,0.0418029934934123,0.0548974703247781
"MOD2578_Y1_a.BDF_czRef_child.set",0.999999973678488,0.999994881475102,0.99997753832448,0.999786872451471,0.990319782134386,0.972356573632458,0.98662567745147,0.999614782116496,0.999951784333095,0.999990571244523,108.734959820057,48.1298736321963,-9.85563258715627,3.24055201535678,0.225359739836131,0.828409823173581,0.903429039334324,0.937121647195903,0.88016703923945,0.904383242662518,0.94029982264282,0.0459325396343536,0.0651339333497182
"MOD2585_Y1_a.BDF_czRef_child.set",0.999999999737407,0.999998459339662,0.999993337648213,0.999924818409262,0.998128780437192,0.976477643435851,0.993513790700954,0.999739096477123,0.999950085460152,0.999995877106118,74.9808062653073,40.2673991034882,-8.21748321581538,5.19171882097419,0.296141820024194,0.805004143139683,0.835439410731496,0.785350038185874,0.749363639036749,0.774269668361474,0.789697007865704,0.0846371960539727,0.116475905554763
"MOD2589_Y1_a.BDF_czRef_child.set",0.999999996424794,0.999997571306225,0.999990094732566,0.999876425869495,0.995828335793983,0.956600668337161,0.994079128777755,0.999612193675218,0.999915768663396,0.999993802550935,99.4985225141785,56.5983427768268,-9.88235118761988,3.20143109614869,0.257884369680961,0.84967659494124,0.934439800055716,0.96225412101079,0.92628841380938,0.929865471381629,0.902805736363899,0.0668371716037394,0.109470054156667
"MOD2590_Y1_a.BDF_czRef_child.set",0.999999934644195,0.999997005094039,0.999983652632072,0.999889829633945,0.993053440654224,0.963277253461274,0.99057151586075,0.999839972420704,0.999971710301062,0.999994990789655,286.372213848556,45.6411434346979,-19.3877051074591,-6.58716780031068,0.0744699983014837,0.186524435023456,0.284508179853506,0.132275451423371,0.0928666229697636,0.0951420031770208,0.2521927073796,0.0253417223407835,0.0569896569615071
"MOD2612_Y1_a.BDF_czRef_child.set",0.999999995727715,0.999997815247591,0.999991006338218,0.999894161594772,0.996390718196304,0.964276572445024,0.99341117547973,0.999718153577587,0.999942235007737,0.999994977881205,174.920152153485,116.58748708701,-14.5606867906395,-2.08686248175873,0.181731649263264,0.917098828425337,0.875096845723517,0.943757125628135,0.830382042170082,0.889818612798274,0.859762027472188,0.0335887856806703,0.0495968587967932
"MOD2617_Y1_a.BDF_czRef_child.set",0.999999998547952,0.999997238149223,0.999987388175706,0.999864956592805,0.996822940930609,0.963180744911539,0.991824077425467,0.999715016379313,0.999947242799591,0.999993756643767,108.57999949945,67.6957776155031,-7.3428671228158,5.58183401054084,0.286106564487945,0.8331245267972,0.896962133317454,0.910888765183818,0.854912760387543,0.825840652737354,0.819535454651992,0.144533041229214,0.157171733474109
