MODID,disadv_prenatal,disadv_y1,disadv_y2,disadv_y3
MOD1022,0.618,-0.95,0.491,0.587
MOD1025,0.359,-0.85,0.458,0.774
MOD1039,1.039,0.679,0.496,1.16
MOD1042,-0.032,0.688,,
MOD1051,0.325,0.176,0.702,0.73
MOD1054,0.772,0.663,0.727,0.729
MOD1058,1.159,0.813,1.186,1.163
MOD1074,1.176,1.145,1.18,1.111
MOD1085,0.047,0.282,-0.265,-0.231
MOD1088,0.386,,0.101,
MOD1096,0.506,0.336,1.088,0.826
MOD1098,0.924,0.655,0.775,0.746
MOD1104,0.545,-0.141,0.131,-0.167
MOD1116,0.466,,0.602,
MOD1118,0.495,0.473,0.565,0.579
MOD1121,1.082,0.849,0.756,0.607
MOD1126,1.503,0.584,0.633,-0.228
MOD1127,0.963,,,
MOD1131,0.078,0.686,0.129,0.122
MOD1135,0.823,0.765,0.812,0.808
MOD1136,0.598,0.184,0.199,0.171
MOD1143,0.145,0.156,-0.227,
MOD1146,0.967,0.992,1.045,0.84
MOD1147,0.618,0.788,0.418,0.409
MOD1163,0.446,-0.602,0.411,-0.753
MOD1164,0.961,0.822,1.104,0.288
MOD1168,0.715,-0.256,-0.254,
MOD1180,0.174,,-0.417,
MOD1181,0.739,0.683,0.903,1.02
MOD1184,0.846,0.492,0.542,0.369
MOD1186,0.595,0.776,0.182,1.077
MOD1188,0.183,-0.05,-0.541,-0.433
MOD1190,0.394,0.545,0.605,0.458
MOD1192,0.235,0.423,0.598,0.687
MOD1195,0.692,0.366,0.387,0.558
MOD1206,0.979,,,
MOD1209,0.859,0.815,0.931,0.686
MOD1217,0.724,0.9,0.753,0.642
MOD1218,1.035,0.826,1.003,-0.473
MOD1220,0.545,0.854,0.927,0.93
MOD1239,1.195,1.423,1.409,
MOD1252,0.56,0.084,-0.411,0.529
MOD1256,1.224,1.16,1.118,1.06
MOD1260,0.585,,,
MOD1262,0.967,0.501,0.594,0.801
MOD1266,0.752,0.618,0.595,0.842
MOD1277,0.99,0.595,0.66,0.642
MOD1281,0.769,0.806,0.925,0.749
MOD1283,0.386,0.567,0.62,0.6
MOD1287,0.768,0.163,0.887,-0.33
MOD1291,0.532,0.724,0.987,0.802
MOD1293,1.018,0.888,0.893,0.761
MOD1295,0.539,0.313,0.367,0.524
MOD1296,0.813,0.517,0.603,
MOD1300,0.693,-0.111,-0.092,
MOD1302,1.283,1.195,1.198,0.829
MOD1306,0.719,0.537,0.156,0.593
MOD1310,0.588,1.095,1.276,1.254
MOD1311,0.851,0.786,1.013,0.867
MOD1312,0.601,0.262,-0.514,0.766
MOD1315,0.702,0.779,0.87,
MOD1316,0.389,-0.009,-0.029,-0.012
MOD1318,0.629,0.472,,
MOD1319,0.651,0.294,0.349,0.327
MOD1321,-0.68,-0.974,-0.988,-0.977
MOD1325,0.627,0.632,0.802,
MOD1328,0.55,-0.267,0.365,-0.114
MOD1337,0.582,-0.359,0.379,0.709
MOD1338,0.723,0.7,1.023,
MOD1347,1.047,1.094,1.047,1.233
MOD1351,0.296,-0.239,-0.156,-0.281
MOD1357,0.277,0.536,0.157,
MOD1359,0.739,,,
MOD1366,0.413,0.419,0.398,0.478
MOD1370,0.629,0.595,0.727,
MOD1378,0.796,,,
MOD1380,0.777,0.577,0.787,0.839
MOD1381,0.918,0.957,0.84,
MOD1384,0.87,0.908,1.041,0.766
MOD1387,0.705,0.944,0.013,
MOD1388,-0.096,0.017,0.307,-0.03
MOD1389,1.204,1.038,0.912,1.145
MOD1390,-0.043,-0.031,0.034,0.057
MOD1391,0.48,0.62,0.666,0.846
MOD1394,0.503,0.837,0.875,0.182
MOD1395,0.245,-0.414,-0.372,-0.652
MOD1397,0.907,0.86,,
MOD1405,1.33,1.632,1.577,1.333
MOD1414,0.287,0.638,0.509,0.312
MOD1415,0.602,,,
MOD1416,0.362,-0.022,0.151,0.684
MOD1420,0.862,0.832,0.817,0.797
MOD1421,0.657,0.581,0.734,0.718
MOD1424,0.622,0.03,-0.315,0.133
MOD1426,0.319,0.778,0.923,1.001
MOD1433,0.616,0.731,0.602,
MOD1448,0.86,1.533,1.673,1.4
MOD1455,0.456,0.143,-0.179,-0.215
MOD1458,-0.032,-0.092,-0.113,0.018
MOD1467,0.788,,,
MOD1468,0.961,1.325,0.99,1.167
MOD1469,0.385,0.771,1.005,0.659
MOD1470,0.545,0.289,0.388,0.392
MOD1475,0.62,0.876,0.727,0.616
MOD1481,-0.016,-0.054,-0.091,-0.317
MOD1482,0.474,0.33,0.769,0.891
MOD1483,0.721,0.645,0.965,-0.128
MOD1484,1.214,1.178,1.331,1.055
MOD1493,-0.957,-1.085,-0.999,-0.662
MOD1502,0.809,0.527,,
MOD1503,0.964,1.324,1.427,
MOD1504,0.648,0.538,0.793,0.878
MOD1506,0.95,,,
MOD1507,0.895,0.944,0.843,0.823
MOD1508,1.041,0.908,0.96,
MOD1511,0.596,,,
MOD1516,0.764,0.801,0.805,0.743
MOD1517,0.856,0.246,,
MOD1518,1.552,1.481,1.039,1.367
MOD1522,0.955,1.001,1.433,0.577
MOD1530,-0.236,0.348,,
MOD1531,0.71,0.604,,
MOD1532,1.217,1.422,1.504,
MOD1533,0.38,-0.286,-0.238,0.542
MOD1534,-0.526,0.018,-0.069,-0.264
MOD1545,0.953,1.022,1.13,1.155
MOD1550,1.019,1.524,1.372,1.465
MOD1554,0.224,-0.353,-0.287,
MOD1556,0.488,0.815,0.828,1.161
MOD1558,0.69,0.7,0.829,0.148
MOD1564,0.478,0.246,0.841,
MOD1567,0.98,0.925,0.275,0.999
MOD1569,0.572,0.893,0.326,0.98
MOD1573,0.682,,,
MOD1575,-0.292,0.026,0.709,
MOD1576,0.798,0.974,0.451,1.026
MOD1578,0.475,0.774,0.855,0.842
MOD1581,0.673,0.833,0.603,0.811
MOD1584,0.68,0.611,,0.145
MOD1587,0.556,0.345,0.426,0.867
MOD1592,0.675,0.704,1.165,0.941
MOD1597,0.504,0.853,0.752,0.84
MOD1598,0.863,0.828,,
MOD1600,0.169,0.012,0.735,-0.244
MOD1604,0.962,0.927,,
MOD1609,0.006,0.062,-0.266,-0.203
MOD1612,0.652,1.006,1.087,1.105
MOD1614,1.248,,,
MOD1616,0.735,0.622,0.587,-1.03
MOD1617,0.259,,,
MOD1619,1.087,1.15,0.825,-0.073
MOD1621,0.899,1.125,1.117,1.058
MOD1623,-0.125,0.393,-0.006,0.289
MOD1627,0.62,0.244,0.346,0.085
MOD1630,0.895,0.805,0.119,0.275
MOD1633,0.589,0.967,1.016,1.052
MOD1635,0.605,0.645,0.458,0.495
MOD1636,0.678,0.739,,
MOD1640,0.753,0.841,0.466,1.024
MOD1649,0.536,0.272,0.579,0.821
MOD1651,-0.538,-1.03,,
MOD1652,0.767,,,
MOD1654,0.314,0.63,0.692,0.715
MOD1656,0.379,-0.106,0.474,0.465
MOD1657,1.119,0.732,0.904,0.933
MOD1659,0.63,0.886,1.066,1.089
MOD1669,0.842,0.593,0.864,0.893
MOD1673,0.663,0.91,0.228,1.086
MOD1675,0.047,-0.58,-0.313,-0.519
MOD1676,0.733,0.701,0.218,0.813
MOD1677,0.471,0.554,0.688,
MOD1678,1.25,1.081,1.201,1.308
MOD1679,0.592,0.981,1.267,1.141
MOD1689,-0.888,-0.719,-0.687,-0.849
MOD1692,1.126,0.772,,1.114
MOD1694,1.119,0.036,0.929,0.749
MOD1697,1.165,0.779,0.388,1.463
MOD1699,0.704,0.509,0.808,0.755
MOD1700,1.131,0.944,0.982,0.787
MOD1701,0.138,0.156,0.133,0.588
MOD1707,0.488,0.775,0.839,0.857
MOD1711,0.727,0.934,-0.755,0.638
MOD1712,-0.499,-0.268,,
MOD1713,0.544,0.606,,
MOD1714,0.548,0.603,0.847,0.649
MOD1720,0.73,0.266,0.68,
MOD1723,0.695,1.076,0.744,0.865
MOD1724,0.786,0.68,-0.147,1.144
MOD1729,0.394,0.626,-0.043,0.061
MOD1730,0.807,1.181,1.159,0.828
MOD1731,0.58,0.672,0.897,0.793
MOD1732,0.915,0.674,,
MOD1735,0.406,0.531,0.799,0.97
MOD1739,1.058,0.344,0.475,0.305
MOD1740,0.405,0.534,0.586,0.184
MOD1745,0.631,0.007,,
MOD1755,0.013,,,
MOD1761,0.697,0.602,0.179,0.822
MOD1763,0.287,,,
MOD1765,0.328,,,
MOD1766,0.993,0.706,0.894,0.897
MOD1768,0.618,0.814,0.807,
MOD1771,0.26,0.432,-0.522,
MOD1774,0.273,0.625,,
MOD1775,0.536,0.285,0.936,0.986
MOD1778,0.945,0.97,0.523,0.441
MOD1782,0.949,0.929,1.22,1.216
MOD1783,0.612,0.676,0.401,0.408
MOD1785,0.31,0.244,0.381,0.686
MOD1786,0.899,0.079,0.709,0.81
MOD1790,0.753,1.224,1.352,1.226
MOD1791,0.639,0.791,,0.409
MOD1794,0.449,0.331,0.092,0.126
MOD1795,0.718,0.966,0.962,0.039
MOD1798,0.248,,0.532,
MOD1799,0.381,0.576,0.849,0.891
MOD1800,1.047,1.157,1.173,1.266
MOD1804,1.345,0.643,,1.152
MOD1805,0.924,0.643,0.745,0.983
MOD1808,0.808,1.186,0.897,0.833
MOD1809,0.86,1.08,1.095,1.386
MOD1810,0.897,0.852,0.884,0.82
MOD1812,0.663,0.838,0.991,1.078
MOD1814,0.701,0.776,0.789,0.614
MOD1815,0.434,,,
MOD1816,0.732,0.766,,
MOD1824,0.164,0.068,-0.639,-0.271
MOD1831,0.199,0.65,0.794,0.098
MOD1832,1.042,,,
MOD1833,0.573,0.66,0.903,0.963
MOD1836,0.739,0.389,0.491,
MOD1845,0.904,-0.121,,
MOD1846,0.912,0.732,0.917,1.095
MOD1847,0.639,0.709,,
MOD1848,0.729,1.132,,
MOD1849,0.876,1.242,1.48,1.432
MOD1850,0.806,,,
MOD1851,0.028,-0.483,-0.37,-0.303
MOD1852,0.549,0.9,0.843,0.849
MOD1853,0.805,0.801,0.447,0.493
MOD1855,0.284,,,
MOD1856,0.696,0.765,,
MOD2005,-1.919,-0.892,-1.8,-1.636
MOD2013,-1.459,-0.226,-1.215,-1.195
MOD2023,-0.797,-0.063,-0.427,-0.365
MOD2025,-0.738,-0.31,-0.721,-0.659
MOD2040,-1.981,0.025,-1.702,-1.244
MOD2044,-1.304,-0.198,-0.98,-1.183
MOD2059,-1.897,-1.609,-1.511,-1.469
MOD2062,-0.606,-0.666,-0.487,-0.476
MOD2065,-0.203,-0.527,0.348,0.367
MOD2067,-0.449,-0.842,-0.036,-0.715
MOD2074,0.629,0.693,0.743,0.738
MOD2084,-0.988,-1.051,-1.034,-0.991
MOD2085,-0.132,0.923,0.356,0.295
MOD2091,-1.756,-1.383,-1.564,-1.607
MOD2092,-1.265,-1.032,-1.096,-0.984
MOD2101,-1.362,-0.884,-1.06,-1.018
MOD2102,-0.136,0.369,0.23,0.22
MOD2110,-1.039,-0.831,-1.185,-1.019
MOD2119,-1.707,-1.631,-1.502,-1.484
MOD2129,0.134,0.726,0.163,-0.075
MOD2133,-1.308,-1.027,-0.896,-1.25
MOD2141,-1.553,-1.208,-1.192,-0.988
MOD2143,-1.712,-1.54,-1.503,-1.559
MOD2148,-1.618,-1.502,-1.329,-1.293
MOD2151,-1.414,-1.246,-1.205,-1.366
MOD2157,-0.222,-0.155,-0.104,-0.643
MOD2160,-1.042,-0.699,-0.813,-1.588
MOD2161,0.01,0.137,0.763,-0.263
MOD2162,-1.89,-1.685,-1.665,-1.498
MOD2163,0.226,-0.046,0.698,0.538
MOD2164,-0.5,0.148,0.444,0.167
MOD2182,0.617,1.079,0.912,0.855
MOD2187,-0.602,-0.687,-0.993,-0.819
MOD2193,-0.331,0.017,-0.363,-0.366
MOD2201,-0.815,-0.777,-0.725,-0.725
MOD2203,-0.821,-0.529,-0.335,-0.473
MOD2210,-0.911,-0.863,-1.459,-1.456
MOD2215,-0.699,-0.534,-0.637,-0.479
MOD2237,-1.317,-1.227,-1.18,-1.467
MOD2239,-1.706,-1.415,-1.268,-1.244
MOD2240,-1.838,-1.632,-1.687,-1.485
MOD2242,-1.804,-1.7,-1.378,
MOD2245,-1.116,-0.979,-1.086,-1.056
MOD2248,-1.237,-1.045,-1.046,-1.115
MOD2249,-1.398,-1.184,-1.025,-1.155
MOD2250,-0.973,-0.436,-0.413,-0.405
MOD2253,-0.915,-0.387,0.02,-0.573
MOD2261,-1.319,-1.228,-1.321,-1.271
MOD2268,-1.94,-1.927,-1.974,-1.961
MOD2272,-0.164,-0.081,-0.425,-0.364
MOD2273,-1.834,-1.521,-1.794,-1.487
MOD2274,-0.368,-0.059,-0.123,-0.125
MOD2278,-0.789,-0.724,-0.841,-0.62
MOD2281,-1.402,-1.315,-1.566,
MOD2286,-0.912,-0.754,-0.715,-0.754
MOD2290,-0.993,-0.633,-0.61,-0.905
MOD2298,-0.274,0.02,0.199,0.385
MOD2301,-0.326,,,
MOD2311,-0.286,0.025,0.043,0.031
MOD2316,-1.165,,,
MOD2319,-0.367,0.579,0.136,0.433
MOD2331,0.795,0.741,0.366,0.295
MOD2335,-1.894,-1.898,-1.961,-1.893
MOD2336,-1.516,-1.316,-1.327,-1.388
MOD2339,-0.306,-0.31,,
MOD2348,-1.623,-1.588,-1.396,-1.572
MOD2349,-0.745,-0.852,-0.76,
MOD2350,-1.638,-1.614,-1.557,-1.338
MOD2351,-0.133,-0.141,-0.027,0.031
MOD2354,-0.911,-0.709,-0.836,-1.119
MOD2355,-1.219,-1.334,-1.047,-0.1
MOD2356,-1.169,-1.065,-1.068,-1.202
MOD2358,-1.42,-1.18,-1.227,-1.397
MOD2359,-1.469,-1.366,-1.272,-1.484
MOD2360,-1.879,-1.35,,-1.034
MOD2364,-1.724,-1.684,-1.693,-1.623
MOD2365,0.681,0.491,-0.458,-0.355
MOD2368,-1.563,-1.466,,
MOD2369,-1.281,-1.179,-1.236,-1.161
MOD2372,-1.574,-1.273,-1.085,-0.373
MOD2373,-0.68,-0.594,-0.954,-1.234
MOD2377,-1.365,-1.04,-1.167,-1.002
MOD2379,-1.359,-1.086,-1.4,-1.183
MOD2382,-1.108,-0.993,-0.858,-0.74
MOD2383,0.237,0.554,,
MOD2384,-1.741,-1.652,-1.542,-1.136
MOD2386,-0.288,0.289,0.549,0.481
MOD2392,-1.887,-1.748,-1.738,-1.67
MOD2393,-1.849,-1.849,-1.556,
MOD2395,-0.427,-0.817,-0.749,-0.87
MOD2396,-0.339,0.175,,
MOD2397,1.011,0.49,0.728,0.873
MOD2400,-1.301,-1.644,-1.646,-1.522
MOD2402,-0.886,-0.972,-0.817,-0.977
MOD2407,-1.644,-1.544,-1.574,-1.428
MOD2409,-0.811,-1.577,,
MOD2410,-1.811,-1.737,-1.796,-1.006
MOD2412,-1.313,-1.382,-1.517,0.032
MOD2413,-0.237,0.056,0.171,-0.172
MOD2415,-0.637,-0.711,-0.884,-0.827
MOD2419,-1.477,-1.452,-1.181,-1.214
MOD2421,-1.259,-1.008,-1.213,-1.368
MOD2422,0.622,0.507,0.631,0.79
MOD2425,-0.806,-0.666,,
MOD2431,-1.013,-1.174,-1.07,-1.101
MOD2434,-1.121,-1.01,-1.237,-1.243
MOD2436,0.267,0.476,0.793,0.728
MOD2437,-1.713,-1.849,-1.579,
MOD2441,-1.018,-1.231,-1.48,
MOD2443,-0.894,-1.016,-1.06,
MOD2446,-1.322,-1.181,-1.159,0.068
MOD2448,-0.719,-1.18,-0.735,-0.683
MOD2454,-1.599,-1.41,-1.336,-1.247
MOD2458,0.376,0.621,0.84,0.887
MOD2459,-1.656,-1.332,-0.923,-0.929
MOD2460,-2.13,-1.913,-1.431,
MOD2463,-1.502,-1.538,-1.599,-1.746
MOD2464,-2.221,-1.863,-1.819,-1.763
MOD2467,0.102,0.324,0.388,0.399
MOD2468,-1.734,-1.999,-1.926,-1.724
MOD2470,-0.865,-1.004,-0.936,-0.977
MOD2474,-1.925,-1.758,-1.706,
MOD2475,-0.878,-0.719,-0.705,-0.863
MOD2484,-1.213,-0.86,-0.808,-0.857
MOD2486,0.109,-0.516,-0.494,-0.207
MOD2492,-1.812,-1.412,,
MOD2493,-1.437,-1.25,-0.927,-0.872
MOD2494,-1.463,-1.206,,
MOD2497,-1.95,-1.721,-0.548,-1.74
MOD2498,-1.169,-0.899,-0.595,-1.224
MOD2504,-0.703,-0.764,-0.541,-0.467
MOD2511,-0.964,-0.815,-0.787,-0.775
MOD2516,0.094,0.224,-0.255,
MOD2517,-1.629,-1.698,-0.95,-1.528
MOD2520,-1.435,-1.103,-1.159,-1.21
MOD2521,-0.968,-1.188,-0.736,-0.645
MOD2527,-0.861,-0.746,-0.658,-0.925
MOD2532,0.054,0.243,0.207,0.061
MOD2540,-0.095,0.061,-0.12,0.015
MOD2551,-1.799,-1.611,-1.765,-1.714
MOD2555,-0.391,0.15,0.312,0.192
MOD2561,0.421,0.761,0.846,0.877
MOD2567,-0.225,-0.218,-0.149,-0.054
MOD2568,-0.926,-0.647,-0.747,-0.855
MOD2575,-1.728,-1.604,-1.639,-1.584
MOD2576,-0.932,-0.898,-0.696,-0.865
MOD2578,0.106,-0.168,-0.631,-0.489
MOD2585,-1.414,-1.363,-1.212,-1.23
MOD2589,0.96,0.716,0.791,0.794
MOD2590,-0.116,-0.393,-0.357,-0.416
MOD2594,-1.694,-0.892,-1.344,-0.399
MOD2600,0.092,0.563,0.717,0.748
MOD2602,-1.045,-0.701,-0.502,-1.004
MOD2611,-1.908,-1.732,-1.524,-1.551
MOD2612,-1.433,-1.239,-0.908,-0.936
MOD2617,-1.264,-0.736,-1.288,-1.535
MOD2622,-1.248,-0.716,,
